date,trips,trips_member,trips_casual,trips_member_classic,trips_member_electric,trips_casual_classic,trips_casual_electric
2016-07-01,1555,825,730,,,,
2016-07-02,2517,921,1596,,,,
2016-07-03,2519,928,1591,,,,
2016-07-04,2843,1897,946,,,,
2016-07-05,3123,2276,847,,,,
2016-07-06,3296,2387,909,,,,
2016-07-07,3075,2350,725,,,,
2016-07-08,3277,2233,1044,,,,
2016-07-09,2836,1336,1500,,,,
2016-07-10,3278,1332,1946,,,,
2016-07-11,3537,2317,1220,,,,
2016-07-12,3788,2588,1200,,,,
2016-07-13,3749,2559,1190,,,,
2016-07-14,3496,2355,1141,,,,
2016-07-15,3790,2541,1249,,,,
2016-07-16,3846,1571,2275,,,,
2016-07-17,3765,1520,2245,,,,
2016-07-18,3749,2546,1203,,,,
2016-07-19,4155,2900,1255,,,,
2016-07-20,4163,2977,1186,,,,
2016-07-21,4328,3015,1313,,,,
2016-07-22,3783,2675,1108,,,,
2016-07-23,3393,1661,1732,,,,
2016-07-24,3361,1508,1853,,,,
2016-07-25,3236,2285,951,,,,
2016-07-26,4203,3013,1190,,,,
2016-07-27,4054,2979,1075,,,,
2016-07-28,4135,3054,1081,,,,
2016-07-29,4225,2875,1350,,,,
2016-07-30,3791,1482,2309,,,,
2016-07-31,2518,1112,1406,,,,
2016-08-01,3696,1470,2226,,,,
2016-08-02,4455,3019,1436,,,,
2016-08-03,4559,3172,1387,,,,
2016-08-04,4537,3210,1327,,,,
2016-08-05,4346,3019,1327,,,,
2016-08-06,4215,1858,2357,,,,
2016-08-07,4232,1774,2458,,,,
2016-08-08,4690,3094,1596,,,,
2016-08-09,4647,3333,1314,,,,
2016-08-10,4552,3203,1349,,,,
2016-08-11,4346,3186,1160,,,,
2016-08-12,4086,2940,1146,,,,
2016-08-13,2462,1412,1050,,,,
2016-08-14,3400,1639,1761,,,,
2016-08-15,4514,3126,1388,,,,
2016-08-16,2933,2130,803,,,,
2016-08-17,4456,3436,1020,,,,
2016-08-18,4621,3362,1259,,,,
2016-08-19,4627,3264,1363,,,,
2016-08-20,4100,1800,2300,,,,
2016-08-21,3985,1707,2278,,,,
2016-08-22,4239,3042,1197,,,,
2016-08-23,4776,3364,1412,,,,
2016-08-24,4879,3425,1454,,,,
2016-08-25,3632,2657,975,,,,
2016-08-26,4489,3217,1272,,,,
2016-08-27,4323,2045,2278,,,,
2016-08-28,3639,1741,1898,,,,
2016-08-29,4273,3104,1169,,,,
2016-08-30,4537,3364,1173,,,,
2016-08-31,4191,3364,827,,,,
2016-09-01,4430,3359,1071,,,,
2016-09-02,4380,3210,1170,,,,
2016-09-03,4026,1723,2303,,,,
2016-09-04,4657,1627,3030,,,,
2016-09-05,4313,1766,2547,,,,
2016-09-06,4219,3265,954,,,,
2016-09-07,4181,3330,851,,,,
2016-09-08,3913,3188,725,,,,
2016-09-09,5050,3864,1186,,,,
2016-09-10,3267,2065,1202,,,,
2016-09-11,3515,2021,1494,,,,
2016-09-12,4788,3703,1085,,,,
2016-09-13,5079,4011,1068,,,,
2016-09-14,5022,4104,918,,,,
2016-09-15,5073,4121,952,,,,
2016-09-16,5325,4102,1223,,,,
2016-09-17,2292,1491,801,,,,
2016-09-18,3829,2129,1700,,,,
2016-09-19,4903,3905,998,,,,
2016-09-20,5239,4199,1040,,,,
2016-09-21,5149,4058,1091,,,,
2016-09-22,5147,4191,956,,,,
2016-09-23,4316,3601,715,,,,
2016-09-24,4179,2485,1694,,,,
2016-09-25,3753,2218,1535,,,,
2016-09-26,3430,2963,467,,,,
2016-09-27,4651,3877,774,,,,
2016-09-28,4832,4068,764,,,,
2016-09-29,2909,2609,300,,,,
2016-09-30,4273,3729,544,,,,
2016-10-01,2273,1794,479,,,,
2016-10-02,2966,1931,1035,,,,
2016-10-03,4122,3543,579,,,,
2016-10-04,4834,4169,665,,,,
2016-10-05,4868,4141,727,,,,
2016-10-06,4806,4047,759,,,,
2016-10-07,4573,3732,841,,,,
2016-10-08,2954,1728,1226,,,,
2016-10-09,2553,1289,1264,,,,
2016-10-10,1970,1140,830,,,,
2016-10-11,3898,3350,548,,,,
2016-10-12,4615,3976,639,,,,
2016-10-13,4132,3680,452,,,,
2016-10-14,4300,3738,562,,,,
2016-10-15,3309,2183,1126,,,,
2016-10-16,2641,1787,854,,,,
2016-10-17,3297,2922,375,,,,
2016-10-18,4536,3961,575,,,,
2016-10-19,4641,3903,738,,,,
2016-10-20,2215,1974,241,,,,
2016-10-21,1948,1806,142,,,,
2016-10-22,2084,1647,437,,,,
2016-10-23,2124,1588,536,,,,
2016-10-24,3251,2970,281,,,,
2016-10-25,3367,3155,212,,,,
2016-10-26,3207,2988,219,,,,
2016-10-27,1644,1577,67,,,,
2016-10-28,3173,2899,274,,,,
2016-10-29,2329,1872,457,,,,
2016-10-30,1717,1404,313,,,,
2016-10-31,3022,2750,272,,,,
2016-11-01,3623,3298,325,,,,
2016-11-02,2970,2720,250,,,,
2016-11-03,3104,2836,268,,,,
2016-11-04,3405,3131,274,,,,
2016-11-05,2645,1883,762,,,,
2016-11-06,2333,1672,661,,,,
2016-11-07,3175,2813,362,,,,
2016-11-08,2918,2725,193,,,,
2016-11-09,2903,2786,117,,,,
2016-11-10,3284,3099,185,,,,
2016-11-11,3013,2738,275,,,,
2016-11-12,2249,1685,564,,,,
2016-11-13,1955,1486,469,,,,
2016-11-14,2911,2687,224,,,,
2016-11-15,3372,3187,185,,,,
2016-11-16,3362,3158,204,,,,
2016-11-17,3530,3315,215,,,,
2016-11-18,3528,3154,374,,,,
2016-11-19,1578,1390,188,,,,
2016-11-20,1004,917,87,,,,
2016-11-21,1793,1757,36,,,,
2016-11-22,2408,2338,70,,,,
2016-11-23,2395,2342,53,,,,
2016-11-24,1859,1841,18,,,,
2016-11-25,2522,2441,81,,,,
2016-11-26,1675,1418,257,,,,
2016-11-27,1416,1249,167,,,,
2016-11-28,2728,2611,117,,,,
2016-11-29,2895,2784,111,,,,
2016-11-30,3100,2974,126,,,,
2016-12-01,2535,2463,72,,,,
2016-12-02,2636,2520,116,,,,
2016-12-03,1642,1508,134,,,,
2016-12-04,1230,1133,97,,,,
2016-12-05,2178,2119,59,,,,
2016-12-06,2441,2335,106,,,,
2016-12-07,2353,2291,62,,,,
2016-12-08,2281,2230,51,,,,
2016-12-09,1788,1727,61,,,,
2016-12-10,1158,1111,47,,,,
2016-12-11,648,615,33,,,,
2016-12-12,914,902,12,,,,
2016-12-13,1463,1437,26,,,,
2016-12-14,1399,1364,35,,,,
2016-12-15,837,821,16,,,,
2016-12-16,779,768,11,,,,
2016-12-17,341,329,12,,,,
2016-12-18,350,341,9,,,,
2016-12-19,808,782,26,,,,
2016-12-20,984,968,16,,,,
2016-12-21,1146,1126,20,,,,
2016-12-22,1113,1078,35,,,,
2016-12-23,1198,1168,30,,,,
2016-12-24,526,480,46,,,,
2016-12-25,270,186,84,,,,
2016-12-26,228,212,16,,,,
2016-12-27,468,450,18,,,,
2016-12-28,786,757,29,,,,
2016-12-29,653,617,36,,,,
2016-12-30,813,768,45,,,,
2016-12-31,581,530,51,,,,
2017-01-01,487,410,77,,,,
2017-01-02,775,685,90,,,,
2017-01-03,918,893,25,,,,
2017-01-04,1359,1322,37,,,,
2017-01-05,1202,1182,20,,,,
2017-01-06,1189,1155,34,,,,
2017-01-07,632,622,10,,,,
2017-01-08,477,467,10,,,,
2017-01-09,1269,1250,19,,,,
2017-01-10,622,617,5,,,,
2017-01-11,1637,1612,25,,,,
2017-01-12,1826,1789,37,,,,
2017-01-13,1747,1712,35,,,,
2017-01-14,838,783,55,,,,
2017-01-15,741,679,62,,,,
2017-01-16,1741,1699,42,,,,
2017-01-17,1012,997,15,,,,
2017-01-18,1865,1846,19,,,,
2017-01-19,2110,2059,51,,,,
2017-01-20,2069,2009,60,,,,
2017-01-21,1419,1240,179,,,,
2017-01-22,1021,894,127,,,,
2017-01-23,1838,1810,28,,,,
2017-01-24,1950,1890,60,,,,
2017-01-25,2167,2089,78,,,,
2017-01-26,1555,1507,48,,,,
2017-01-27,1926,1871,55,,,,
2017-01-28,870,817,53,,,,
2017-01-29,766,722,44,,,,
2017-01-30,1534,1492,42,,,,
2017-01-31,1752,1731,21,,,,
2017-02-01,1632,1611,21,,,,
2017-02-02,1799,1769,30,,,,
2017-02-03,1599,1569,30,,,,
2017-02-04,842,792,50,,,,
2017-02-05,709,673,36,,,,
2017-02-06,1714,1664,50,,,,
2017-02-07,1219,1204,15,,,,
2017-02-08,1639,1606,33,,,,
2017-02-09,1636,1615,21,,,,
2017-02-10,1206,1197,9,,,,
2017-02-11,643,607,36,,,,
2017-02-12,284,277,7,,,,
2017-02-13,835,831,4,,,,
2017-02-14,1471,1458,13,,,,
2017-02-15,1659,1649,10,,,,
2017-02-16,1561,1544,17,,,,
2017-02-17,1611,1572,39,,,,
2017-02-18,1402,1052,350,,,,
2017-02-19,1681,970,711,,,,
2017-02-20,1109,783,326,,,,
2017-02-21,1679,1615,64,,,,
2017-02-22,2216,2138,78,,,,
2017-02-23,2782,2468,314,,,,
2017-02-24,1739,1653,86,,,,
2017-02-25,1342,1171,171,,,,
2017-02-26,979,899,80,,,,
2017-02-27,2129,2013,116,,,,
2017-02-28,2509,2426,83,,,,
2017-03-01,2013,1960,53,,,,
2017-03-02,1844,1790,54,,,,
2017-03-03,1628,1584,44,,,,
2017-03-04,830,760,70,,,,
2017-03-05,725,697,28,,,,
2017-03-06,2055,2001,54,,,,
2017-03-07,1434,1394,40,,,,
2017-03-08,2276,2204,72,,,,
2017-03-09,2245,2177,68,,,,
2017-03-10,1758,1694,64,,,,
2017-03-11,727,702,25,,,,
2017-03-12,655,618,37,,,,
2017-03-13,1051,1039,12,,,,
2017-03-14,561,554,7,,,,
2017-03-15,867,851,16,,,,
2017-03-16,1563,1515,48,,,,
2017-03-17,1962,1823,139,,,,
2017-03-18,829,769,60,,,,
2017-03-19,1123,978,145,,,,
2017-03-20,2131,2054,77,,,,
2017-03-21,2772,2592,180,,,,
2017-03-22,1761,1722,39,,,,
2017-03-23,2050,1953,97,,,,
2017-03-24,1852,1740,112,,,,
2017-03-25,936,832,104,,,,
2017-03-26,885,802,83,,,,
2017-03-27,2171,2048,123,,,,
2017-03-28,2751,2565,186,,,,
2017-03-29,2765,2592,173,,,,
2017-03-30,2110,2008,102,,,,
2017-03-31,853,818,35,,,,
2017-04-01,1442,1135,307,,,,
2017-04-02,2257,1501,756,,,,
2017-04-03,2398,2228,170,,,,
2017-04-04,1195,1156,39,,,,
2017-04-05,2852,2633,219,,,,
2017-04-06,1135,1103,32,,,,
2017-04-07,1597,1509,88,,,,
2017-04-08,2457,1653,804,,,,
2017-04-09,2426,1661,765,,,,
2017-04-10,3236,2877,359,,,,
2017-04-11,3657,3240,417,,,,
2017-04-12,3075,2790,285,,,,
2017-04-13,3334,2938,396,,,,
2017-04-14,3138,1751,1387,,,,
2017-04-15,1821,1135,686,,,,
2017-04-16,2590,1395,1195,,,,
2017-04-17,3041,2441,600,,,,
2017-04-18,3121,2862,259,,,,
2017-04-19,3018,2825,193,,,,
2017-04-20,1900,1763,137,,,,
2017-04-21,2841,2605,236,,,,
2017-04-22,2780,1933,847,,,,
2017-04-23,3191,1921,1270,,,,
2017-04-24,3391,2875,516,,,,
2017-04-25,2163,2020,143,,,,
2017-04-26,3390,3019,371,,,,
2017-04-27,3906,3350,556,,,,
2017-04-28,3433,3102,331,,,,
2017-04-29,2834,1954,880,,,,
2017-04-30,1407,1144,263,,,,
2017-05-01,1411,1349,62,,,,
2017-05-02,2606,2461,145,,,,
2017-05-03,3885,3363,522,,,,
2017-05-04,2301,2081,220,,,,
2017-05-05,658,647,11,,,,
2017-05-06,1558,1350,208,,,,
2017-05-07,2064,1606,458,,,,
2017-05-08,3325,2897,428,,,,
2017-05-09,3724,3276,448,,,,
2017-05-10,3665,3261,404,,,,
2017-05-11,3675,3299,376,,,,
2017-05-12,3880,3389,491,,,,
2017-05-13,3089,2161,928,,,,
2017-05-14,2409,1653,756,,,,
2017-05-15,4139,3508,631,,,,
2017-05-16,3879,3510,369,,,,
2017-05-17,4743,3987,756,,,,
2017-05-18,4651,3901,750,,,,
2017-05-19,4236,3547,689,,,,
2017-05-20,3422,1955,1467,,,,
2017-05-21,1387,971,416,,,,
2017-05-22,2780,1499,1281,,,,
2017-05-23,4308,3681,627,,,,
2017-05-24,4740,4106,634,,,,
2017-05-25,1431,1304,127,,,,
2017-05-26,3955,3470,485,,,,
2017-05-27,4081,2435,1646,,,,
2017-05-28,4826,2547,2279,,,,
2017-05-29,4798,3630,1168,,,,
2017-05-30,4130,3454,676,,,,
2017-05-31,4969,4074,895,,,,
2017-06-01,5101,4300,801,,,,
2017-06-02,5196,4183,1013,,,,
2017-06-03,5040,2741,2299,,,,
2017-06-04,3241,1956,1285,,,,
2017-06-05,4224,3651,573,,,,
2017-06-06,3052,2784,268,,,,
2017-06-07,5168,4490,678,,,,
2017-06-08,5590,4568,1022,,,,
2017-06-09,5625,4405,1220,,,,
2017-06-10,5126,2770,2356,,,,
2017-06-11,4839,2500,2339,,,,
2017-06-12,5241,4159,1082,,,,
2017-06-13,5276,4460,816,,,,
2017-06-14,6094,5023,1071,,,,
2017-06-15,5213,4432,781,,,,
2017-06-16,5606,4447,1159,,,,
2017-06-17,4511,2700,1811,,,,
2017-06-18,3859,2134,1725,,,,
2017-06-19,5511,4397,1114,,,,
2017-06-20,5462,4509,953,,,,
2017-06-21,5685,4504,1181,,,,
2017-06-22,5556,4552,1004,,,,
2017-06-23,3881,3074,807,,,,
2017-06-24,6012,3000,3012,,,,
2017-06-25,4256,2396,1860,,,,
2017-06-26,4662,3773,889,,,,
2017-06-27,4833,4107,726,,,,
2017-06-28,6029,4932,1097,,,,
2017-06-29,4735,4073,662,,,,
2017-06-30,4978,3887,1091,,,,
2017-07-01,5181,2163,3018,,,,
2017-07-02,5799,2291,3508,,,,
2017-07-03,6527,2702,3825,,,,
2017-07-04,6782,5012,1770,,,,
2017-07-05,9569,5293,4276,,,,
2017-07-06,7235,5388,1847,,,,
2017-07-07,6121,4658,1463,,,,
2017-07-08,6445,3207,3238,,,,
2017-07-09,5075,2664,2411,,,,
2017-07-10,6316,4848,1468,,,,
2017-07-11,7152,5545,1607,,,,
2017-07-12,9058,4937,4121,,,,
2017-07-13,5332,4350,982,,,,
2017-07-14,6691,5050,1641,,,,
2017-07-15,7424,3386,4038,,,,
2017-07-16,5473,2760,2713,,,,
2017-07-17,6451,5017,1434,,,,
2017-07-18,7287,5536,1751,,,,
2017-07-19,10963,5600,5363,,,,
2017-07-20,6511,5189,1322,,,,
2017-07-21,6958,5247,1711,,,,
2017-07-22,4861,2789,2072,,,,
2017-07-23,5268,2877,2391,,,,
2017-07-24,6377,5006,1371,,,,
2017-07-25,7233,5606,1627,,,,
2017-07-26,10739,5243,5496,,,,
2017-07-27,6285,4501,1784,,,,
2017-07-28,7527,5216,2311,,,,
2017-07-29,7478,3406,4072,,,,
2017-07-30,6495,3049,3446,,,,
2017-07-31,6991,5211,1780,,,,
2017-08-01,6998,5122,1876,,,,
2017-08-02,7482,5613,1869,,,,
2017-08-03,7170,5496,1674,,,,
2017-08-04,4646,3597,1049,,,,
2017-08-05,5605,2708,2897,,,,
2017-08-06,6344,2719,3625,,,,
2017-08-07,4310,2399,1911,,,,
2017-08-08,7522,5551,1971,,,,
2017-08-09,7878,5864,2014,,,,
2017-08-10,8174,5878,2296,,,,
2017-08-11,7035,5206,1829,,,,
2017-08-12,6441,3342,3099,,,,
2017-08-13,7466,3621,3845,,,,
2017-08-14,7650,5688,1962,,,,
2017-08-15,7612,5918,1694,,,,
2017-08-16,8358,6190,2168,,,,
2017-08-17,5214,4091,1123,,,,
2017-08-18,7656,5695,1961,,,,
2017-08-19,7040,3731,3309,,,,
2017-08-20,7844,3744,4100,,,,
2017-08-21,8137,5952,2185,,,,
2017-08-22,7160,5796,1364,,,,
2017-08-23,8503,6317,2186,,,,
2017-08-24,7737,5977,1760,,,,
2017-08-25,8064,5869,2195,,,,
2017-08-26,7823,3933,3890,,,,
2017-08-27,6661,3424,3237,,,,
2017-08-28,7243,5582,1661,,,,
2017-08-29,8161,6143,2018,,,,
2017-08-30,7886,6120,1766,,,,
2017-08-31,7658,6055,1603,,,,
2017-09-01,6829,5222,1607,,,,
2017-09-02,6668,3194,3474,,,,
2017-09-03,5722,2545,3177,,,,
2017-09-04,6631,2903,3728,,,,
2017-09-05,6582,5556,1026,,,,
2017-09-06,7823,6533,1290,,,,
2017-09-07,6619,5721,898,,,,
2017-09-08,7716,6263,1453,,,,
2017-09-09,6784,4020,2764,,,,
2017-09-10,6701,3941,2760,,,,
2017-09-11,7795,6413,1382,,,,
2017-09-12,8231,6854,1377,,,,
2017-09-13,8440,7047,1393,,,,
2017-09-14,8303,6811,1492,,,,
2017-09-15,8668,6857,1811,,,,
2017-09-16,7863,4364,3499,,,,
2017-09-17,7711,4138,3573,,,,
2017-09-18,7943,6599,1344,,,,
2017-09-19,8296,6837,1459,,,,
2017-09-20,8670,7211,1459,,,,
2017-09-21,8744,7269,1475,,,,
2017-09-22,8881,7070,1811,,,,
2017-09-23,7959,4337,3622,,,,
2017-09-24,6908,3909,2999,,,,
2017-09-25,7890,6495,1395,,,,
2017-09-26,8419,6974,1445,,,,
2017-09-27,8298,7037,1261,,,,
2017-09-28,7680,6737,943,,,,
2017-09-29,5933,5367,566,,,,
2017-09-30,5699,3898,1801,,,,
2017-10-01,5944,3792,2152,,,,
2017-10-02,7167,6360,807,,,,
2017-10-03,7639,6645,994,,,,
2017-10-04,6982,6265,717,,,,
2017-10-05,7886,6996,890,,,,
2017-10-06,7320,6101,1219,,,,
2017-10-07,5097,3049,2048,,,,
2017-10-08,5447,2662,2785,,,,
2017-10-09,4042,2310,1732,,,,
2017-10-10,7620,6610,1010,,,,
2017-10-11,4889,4481,408,,,,
2017-10-12,6201,5758,443,,,,
2017-10-13,6782,6009,773,,,,
2017-10-14,4021,2900,1121,,,,
2017-10-15,3252,2567,685,,,,
2017-10-16,6002,5408,594,,,,
2017-10-17,6910,6359,551,,,,
2017-10-18,7254,6505,749,,,,
2017-10-19,7373,6577,796,,,,
2017-10-20,7757,6396,1361,,,,
2017-10-21,6586,4050,2536,,,,
2017-10-22,6736,3954,2782,,,,
2017-10-23,5154,4420,734,,,,
2017-10-24,6447,5928,519,,,,
2017-10-25,6377,5874,503,,,,
2017-10-26,6213,5623,590,,,,
2017-10-27,6425,5756,669,,,,
2017-10-28,2132,1859,273,,,,
2017-10-29,3375,2738,637,,,,
2017-10-30,5210,4890,320,,,,
2017-10-31,5336,4964,372,,,,
2017-11-01,4801,4599,202,,,,
2017-11-02,4557,4277,280,,,,
2017-11-03,5737,5211,526,,,,
2017-11-04,3121,2668,453,,,,
2017-11-05,1638,1502,136,,,,
2017-11-06,4996,4745,251,,,,
2017-11-07,5282,5006,276,,,,
2017-11-08,5265,4989,276,,,,
2017-11-09,4432,4265,167,,,,
2017-11-10,3051,2927,124,,,,
2017-11-11,2138,1945,193,,,,
2017-11-12,2254,1990,264,,,,
2017-11-13,3936,3756,180,,,,
2017-11-14,4967,4803,164,,,,
2017-11-15,4699,4539,160,,,,
2017-11-16,4394,4226,168,,,,
2017-11-17,4241,4023,218,,,,
2017-11-18,1605,1486,119,,,,
2017-11-19,2194,1963,231,,,,
2017-11-20,4255,4114,141,,,,
2017-11-21,4890,4653,237,,,,
2017-11-22,4307,4142,165,,,,
2017-11-23,4288,4096,192,,,,
2017-11-24,4803,4465,338,,,,
2017-11-25,2725,2285,440,,,,
2017-11-26,2118,1892,226,,,,
2017-11-27,4091,3946,145,,,,
2017-11-28,5194,4925,269,,,,
2017-11-29,4676,4481,195,,,,
2017-11-30,4058,3952,106,,,,
2017-12-01,4469,4267,202,,,,
2017-12-02,2786,2415,371,,,,
2017-12-03,2624,2237,387,,,,
2017-12-04,4327,4126,201,,,,
2017-12-05,3892,3736,156,,,,
2017-12-06,3931,3815,116,,,,
2017-12-07,3779,3669,110,,,,
2017-12-08,3358,3270,88,,,,
2017-12-09,2077,1929,148,,,,
2017-12-10,1502,1436,66,,,,
2017-12-11,2300,2259,41,,,,
2017-12-12,1519,1498,21,,,,
2017-12-13,1835,1808,27,,,,
2017-12-14,2019,1982,37,,,,
2017-12-15,1741,1710,31,,,,
2017-12-16,1078,1056,22,,,,
2017-12-17,835,814,21,,,,
2017-12-18,1680,1653,27,,,,
2017-12-19,3236,3126,110,,,,
2017-12-20,3009,2916,93,,,,
2017-12-21,2620,2534,86,,,,
2017-12-22,725,711,14,,,,
2017-12-23,450,414,36,,,,
2017-12-24,424,405,19,,,,
2017-12-25,115,108,7,,,,
2017-12-26,263,249,14,,,,
2017-12-27,641,616,25,,,,
2017-12-28,640,624,16,,,,
2017-12-29,446,433,13,,,,
2017-12-30,412,401,11,,,,
2017-12-31,383,369,14,,,,
2018-01-01,246,235,11,,,,
2018-01-02,957,938,19,,,,
2018-01-03,1185,1167,18,,,,
2018-01-04,1172,1155,17,,,,
2018-01-05,785,775,10,,,,
2018-01-06,398,390,8,,,,
2018-01-07,528,517,11,,,,
2018-01-08,1017,1001,16,,,,
2018-01-09,1899,1848,51,,,,
2018-01-10,1886,1840,46,,,,
2018-01-11,1784,1762,22,,,,
2018-01-12,748,728,20,,,,
2018-01-13,515,503,12,,,,
2018-01-14,661,658,3,,,,
2018-01-15,1285,1272,13,,,,
2018-01-16,1443,1414,29,,,,
2018-01-17,1680,1654,26,,,,
2018-01-18,1855,1829,26,,,,
2018-01-19,2150,2089,61,,,,
2018-01-20,1551,1428,123,,,,
2018-01-21,1349,1253,96,,,,
2018-01-22,1401,1386,15,,,,
2018-01-23,2527,2430,97,,,,
2018-01-24,2258,2193,65,,,,
2018-01-25,2281,2237,44,,,,
2018-01-26,2667,2560,107,,,,
2018-01-27,1481,1331,150,,,,
2018-01-28,1657,1461,196,,,,
2018-01-29,1728,1700,28,,,,
2018-01-30,1238,1221,17,,,,
2018-01-31,1527,1494,33,,,,
2018-02-01,2181,2134,47,,,,
2018-02-02,1674,1642,32,,,,
2018-02-03,917,895,22,,,,
2018-02-04,558,545,13,,,,
2018-02-05,1448,1430,18,,,,
2018-02-06,1937,1906,31,,,,
2018-02-07,736,717,19,,,,
2018-02-08,1333,1308,25,,,,
2018-02-09,932,909,23,,,,
2018-02-10,335,325,10,,,,
2018-02-11,369,359,10,,,,
2018-02-12,1487,1466,21,,,,
2018-02-13,1766,1741,25,,,,
2018-02-14,2308,2259,49,,,,
2018-02-15,2423,2354,69,,,,
2018-02-16,2259,2156,103,,,,
2018-02-17,1054,994,60,,,,
2018-02-18,1257,1053,204,,,,
2018-02-19,775,701,74,,,,
2018-02-20,1926,1836,90,,,,
2018-02-21,2045,1958,87,,,,
2018-02-22,2636,2501,135,,,,
2018-02-23,2269,2191,78,,,,
2018-02-24,1870,1678,192,,,,
2018-02-25,2049,1665,384,,,,
2018-02-26,3371,3190,181,,,,
2018-02-27,3907,3663,244,,,,
2018-02-28,3909,3700,209,,,,
2018-03-01,3288,3167,121,,,,
2018-03-02,2456,2359,97,,,,
2018-03-03,2353,1951,402,,,,
2018-03-04,1780,1497,283,,,,
2018-03-05,3018,2846,172,,,,
2018-03-06,2941,2815,126,,,,
2018-03-07,3429,3278,151,,,,
2018-03-08,3193,3053,140,,,,
2018-03-09,3123,3013,110,,,,
2018-03-10,1988,1765,223,,,,
2018-03-11,1878,1615,263,,,,
2018-03-12,2866,2712,154,,,,
2018-03-13,2841,2736,105,,,,
2018-03-14,2905,2778,127,,,,
2018-03-15,3021,2896,125,,,,
2018-03-16,2580,2474,106,,,,
2018-03-17,2094,1820,274,,,,
2018-03-18,2083,1722,361,,,,
2018-03-19,2850,2754,96,,,,
2018-03-20,3282,3170,112,,,,
2018-03-21,3473,3297,176,,,,
2018-03-22,3411,3238,173,,,,
2018-03-23,3321,3157,164,,,,
2018-03-24,2314,1898,416,,,,
2018-03-25,1941,1673,268,,,,
2018-03-26,3561,3342,219,,,,
2018-03-27,2429,2369,60,,,,
2018-03-28,4015,3781,234,,,,
2018-03-29,2190,2123,67,,,,
2018-03-30,2318,1761,557,,,,
2018-03-31,2027,1504,523,,,,
2018-04-01,1810,1376,434,,,,
2018-04-02,3319,2993,326,,,,
2018-04-03,2739,2618,121,,,,
2018-04-04,2695,2617,78,,,,
2018-04-05,3352,3202,150,,,,
2018-04-06,2741,2653,88,,,,
2018-04-07,2111,1879,232,,,,
2018-04-08,1858,1617,241,,,,
2018-04-09,3615,3431,184,,,,
2018-04-10,3773,3638,135,,,,
2018-04-11,3276,3173,103,,,,
2018-04-12,3332,3141,191,,,,
2018-04-13,2801,2677,124,,,,
2018-04-14,413,393,20,,,,
2018-04-15,107,102,5,,,,
2018-04-16,541,532,9,,,,
2018-04-17,2166,2080,86,,,,
2018-04-18,3205,3077,128,,,,
2018-04-19,3384,3294,90,,,,
2018-04-20,3956,3628,328,,,,
2018-04-21,4201,2720,1481,,,,
2018-04-22,5002,2865,2137,,,,
2018-04-23,5306,4485,821,,,,
2018-04-24,4375,3989,386,,,,
2018-04-25,1572,1519,53,,,,
2018-04-26,5612,4689,923,,,,
2018-04-27,5594,4691,903,,,,
2018-04-28,1983,1669,314,,,,
2018-04-29,3596,2362,1234,,,,
2018-04-30,6348,5084,1264,,,,
2018-05-01,7209,5721,1488,,,,
2018-05-02,7382,5998,1384,,,,
2018-05-03,4163,3700,463,,,,
2018-05-04,4486,3801,685,,,,
2018-05-05,6770,3847,2923,,,,
2018-05-06,4457,2763,1694,,,,
2018-05-07,6872,5561,1311,,,,
2018-05-08,7688,6318,1370,,,,
2018-05-09,7876,6446,1430,,,,
2018-05-10,5837,4679,1158,,,,
2018-05-11,6024,5079,945,,,,
2018-05-12,4906,3290,1616,,,,
2018-05-13,5906,3411,2495,,,,
2018-05-14,7379,6084,1295,,,,
2018-05-15,5071,4347,724,,,,
2018-05-16,7638,6466,1172,,,,
2018-05-17,7947,6590,1357,,,,
2018-05-18,6932,5607,1325,,,,
2018-05-19,2690,2024,666,,,,
2018-05-20,6539,3228,3311,,,,
2018-05-21,7265,3452,3813,,,,
2018-05-22,5327,4646,681,,,,
2018-05-23,8426,7132,1294,,,,
2018-05-24,8744,7112,1632,,,,
2018-05-25,8827,6921,1906,,,,
2018-05-26,8199,4761,3438,,,,
2018-05-27,9088,4635,4453,,,,
2018-05-28,8547,6753,1794,,,,
2018-05-29,8794,7242,1552,,,,
2018-05-30,8787,7364,1423,,,,
2018-05-31,6974,6011,963,,,,
2018-06-01,8344,6923,1421,,,,
2018-06-02,7811,4752,3059,,,,
2018-06-03,5110,3450,1660,,,,
2018-06-04,7336,6357,979,,,,
2018-06-05,7437,6635,802,,,,
2018-06-06,10221,6949,3272,,,,
2018-06-07,8796,7322,1474,,,,
2018-06-08,8798,6916,1882,,,,
2018-06-09,8336,4803,3533,,,,
2018-06-10,7853,4473,3380,,,,
2018-06-11,8325,6812,1513,,,,
2018-06-12,8697,7282,1415,,,,
2018-06-13,9351,6010,3341,,,,
2018-06-14,9252,7477,1775,,,,
2018-06-15,9373,7174,2199,,,,
2018-06-16,8882,5175,3707,,,,
2018-06-17,7055,4138,2917,,,,
2018-06-18,7321,6391,930,,,,
2018-06-19,9354,8014,1340,,,,
2018-06-20,13303,8252,5051,,,,
2018-06-21,9720,7928,1792,,,,
2018-06-22,8526,6909,1617,,,,
2018-06-23,4266,3023,1243,,,,
2018-06-24,3723,2710,1013,,,,
2018-06-25,9455,7427,2028,,,,
2018-06-26,9551,7932,1619,,,,
2018-06-27,9160,6167,2993,,,,
2018-06-28,9464,7728,1736,,,,
2018-06-29,9113,7153,1960,,,,
2018-06-30,6904,4181,2723,,,,
2018-07-01,7405,3664,3741,,,,
2018-07-02,6648,3812,2836,,,,
2018-07-03,9332,7695,1637,,,,
2018-07-04,10273,8264,2009,,,,
2018-07-05,8125,6893,1232,,,,
2018-07-06,9964,7842,2122,,,,
2018-07-07,9428,5589,3839,,,,
2018-07-08,9256,5521,3735,,,,
2018-07-09,9480,7939,1541,,,,
2018-07-10,9723,8118,1605,,,,
2018-07-11,10271,8451,1820,,,,
2018-07-12,10304,8591,1713,,,,
2018-07-13,9710,7751,1959,,,,
2018-07-14,7552,4813,2739,,,,
2018-07-15,8604,5283,3321,,,,
2018-07-16,7793,6474,1319,,,,
2018-07-17,10324,8609,1715,,,,
2018-07-18,10970,8912,2058,,,,
2018-07-19,10743,8719,2024,,,,
2018-07-20,10452,8016,2436,,,,
2018-07-21,9354,5669,3685,,,,
2018-07-22,4585,3136,1449,,,,
2018-07-23,9020,7511,1509,,,,
2018-07-24,8866,7487,1379,,,,
2018-07-25,10365,8460,1905,,,,
2018-07-26,9064,7418,1646,,,,
2018-07-27,10233,8001,2232,,,,
2018-07-28,8963,5284,3679,,,,
2018-07-29,9093,5343,3750,,,,
2018-07-30,9979,7986,1993,,,,
2018-07-31,10437,8584,1853,,,,
2018-08-01,9859,8094,1765,,,,
2018-08-02,10179,8128,2051,,,,
2018-08-03,9597,7382,2215,,,,
2018-08-04,9364,4860,4504,,,,
2018-08-05,8349,4157,4192,,,,
2018-08-06,5963,3417,2546,,,,
2018-08-07,9256,7355,1901,,,,
2018-08-08,5882,4998,884,,,,
2018-08-09,9645,7900,1745,,,,
2018-08-10,10492,7977,2515,,,,
2018-08-11,10134,5727,4407,,,,
2018-08-12,9532,5378,4154,,,,
2018-08-13,10077,7986,2091,,,,
2018-08-14,10589,8459,2130,,,,
2018-08-15,10106,8129,1977,,,,
2018-08-16,9634,7976,1658,,,,
2018-08-17,6948,5784,1164,,,,
2018-08-18,9111,5420,3691,,,,
2018-08-19,9470,5471,3999,,,,
2018-08-20,10076,7939,2137,,,,
2018-08-21,4645,3986,659,,,,
2018-08-22,9101,7688,1413,,,,
2018-08-23,10315,8342,1973,,,,
2018-08-24,10314,8046,2268,,,,
2018-08-25,6773,4469,2304,,,,
2018-08-26,8311,5173,3138,,,,
2018-08-27,7945,6656,1289,,,,
2018-08-28,9796,8243,1553,,,,
2018-08-29,10097,8503,1594,,,,
2018-08-30,9781,8246,1535,,,,
2018-08-31,9878,7881,1997,,,,
2018-09-01,9494,5344,4150,,,,
2018-09-02,8580,4661,3919,,,,
2018-09-03,8845,4973,3872,,,,
2018-09-04,9713,8389,1324,,,,
2018-09-05,9665,8471,1194,,,,
2018-09-06,9949,8658,1291,,,,
2018-09-07,10162,8758,1404,,,,
2018-09-08,7938,5775,2163,,,,
2018-09-09,5672,4319,1353,,,,
2018-09-10,1851,1732,119,,,,
2018-09-11,9472,8589,883,,,,
2018-09-12,9917,8885,1032,,,,
2018-09-13,10013,8915,1098,,,,
2018-09-14,10026,8682,1344,,,,
2018-09-15,9630,6555,3075,,,,
2018-09-16,9170,6233,2937,,,,
2018-09-17,9939,8808,1131,,,,
2018-09-18,10683,9419,1264,,,,
2018-09-19,9989,8903,1086,,,,
2018-09-20,9235,8402,833,,,,
2018-09-21,8736,7701,1035,,,,
2018-09-22,7205,5311,1894,,,,
2018-09-23,7484,5265,2219,,,,
2018-09-24,8247,7537,710,,,,
2018-09-25,5765,5402,363,,,,
2018-09-26,8802,8045,757,,,,
2018-09-27,8875,7998,877,,,,
2018-09-28,8313,7364,949,,,,
2018-09-29,6833,4851,1982,,,,
2018-09-30,4798,3844,954,,,,
2018-10-01,4874,4576,298,,,,
2018-10-02,4173,4014,159,,,,
2018-10-03,7966,7393,573,,,,
2018-10-04,7981,7221,760,,,,
2018-10-05,6948,6350,598,,,,
2018-10-06,3646,2881,765,,,,
2018-10-07,3153,2357,796,,,,
2018-10-08,3668,2720,948,,,,
2018-10-09,9455,8318,1137,,,,
2018-10-10,9827,8777,1050,,,,
2018-10-11,8443,7742,701,,,,
2018-10-12,6918,6346,572,,,,
2018-10-13,4687,3944,743,,,,
2018-10-14,5131,3931,1200,,,,
2018-10-15,5060,4810,250,,,,
2018-10-16,6223,6155,68,,,,
2018-10-17,6184,6010,174,,,,
2018-10-18,5961,5749,212,,,,
2018-10-19,6491,5985,506,,,,
2018-10-20,4622,3708,914,,,,
2018-10-21,3735,3146,589,,,,
2018-10-22,6577,5952,625,,,,
2018-10-23,5449,5250,199,,,,
2018-10-24,6258,5985,273,,,,
2018-10-25,6190,5876,314,,,,
2018-10-26,5903,5615,288,,,,
2018-10-27,2156,2018,138,,,,
2018-10-28,2411,2245,166,,,,
2018-10-29,5164,5040,124,,,,
2018-10-30,6590,6271,319,,,,
2018-10-31,4035,3941,94,,,,
2018-11-01,3165,3100,65,,,,
2018-11-02,3714,3614,100,,,,
2018-11-03,3305,2952,353,,,,
2018-11-04,3384,2944,440,,,,
2018-11-05,4512,4348,164,,,,
2018-11-06,4375,4249,126,,,,
2018-11-07,5101,4996,105,,,,
2018-11-08,4974,4851,123,,,,
2018-11-09,2421,2375,46,,,,
2018-11-10,2312,2183,129,,,,
2018-11-11,2462,2266,196,,,,
2018-11-12,4638,4482,156,,,,
2018-11-13,4697,4588,109,,,,
2018-11-14,4559,4459,100,,,,
2018-11-15,3088,3019,69,,,,
2018-11-16,2538,2488,50,,,,
2018-11-17,2308,2152,156,,,,
2018-11-18,2176,2036,140,,,,
2018-11-19,4640,4525,115,,,,
2018-11-20,4073,3989,84,,,,
2018-11-21,3621,3544,77,,,,
2018-11-22,3218,3165,53,,,,
2018-11-23,3991,3882,109,,,,
2018-11-24,1593,1543,50,,,,
2018-11-25,2478,2303,175,,,,
2018-11-26,1325,1301,24,,,,
2018-11-27,3468,3427,41,,,,
2018-11-28,3918,3844,74,,,,
2018-11-29,4288,4196,92,,,,
2018-11-30,3945,3854,91,,,,
2018-12-01,2197,2088,109,,,,
2018-12-02,2227,2097,130,,,,
2018-12-03,3537,3451,86,,,,
2018-12-04,4121,4046,75,,,,
2018-12-05,4138,4072,66,,,,
2018-12-06,3895,3836,59,,,,
2018-12-07,3267,3213,54,,,,
2018-12-08,1819,1775,44,,,,
2018-12-09,1844,1756,88,,,,
2018-12-10,3980,3879,101,,,,
2018-12-11,3649,3608,41,,,,
2018-12-12,3813,3768,45,,,,
2018-12-13,3771,3691,80,,,,
2018-12-14,3111,3063,48,,,,
2018-12-15,2556,2430,126,,,,
2018-12-16,2138,2010,128,,,,
2018-12-17,3853,3792,61,,,,
2018-12-18,3902,3817,85,,,,
2018-12-19,4149,4065,84,,,,
2018-12-20,3949,3826,123,,,,
2018-12-21,3124,3027,97,,,,
2018-12-22,1683,1585,98,,,,
2018-12-23,1408,1298,110,,,,
2018-12-24,1451,1385,66,,,,
2018-12-25,608,508,100,,,,
2018-12-26,1147,1025,122,,,,
2018-12-27,1743,1684,59,,,,
2018-12-28,2306,2122,184,,,,
2018-12-29,1343,1271,72,,,,
2018-12-30,1135,1060,75,,,,
2018-12-31,1460,1382,78,,,,
2019-01-01,1064,897,167,,,,
2019-01-02,2290,2207,83,,,,
2019-01-03,2279,2228,51,,,,
2019-01-04,3290,3130,160,,,,
2019-01-05,2160,1937,223,,,,
2019-01-06,1757,1595,162,,,,
2019-01-07,3037,2971,66,,,,
2019-01-08,3560,3493,67,,,,
2019-01-09,3532,3470,62,,,,
2019-01-10,3067,3011,56,,,,
2019-01-11,2663,2611,52,,,,
2019-01-12,1690,1610,80,,,,
2019-01-13,1393,1326,67,,,,
2019-01-14,3569,3476,93,,,,
2019-01-15,3689,3596,93,,,,
2019-01-16,3099,3049,50,,,,
2019-01-17,3168,3120,48,,,,
2019-01-18,2902,2831,71,,,,
2019-01-19,558,549,9,,,,
2019-01-20,222,218,4,,,,
2019-01-21,842,835,7,,,,
2019-01-22,1655,1629,26,,,,
2019-01-23,1425,1407,18,,,,
2019-01-24,2428,2370,58,,,,
2019-01-25,2401,2324,77,,,,
2019-01-26,1205,1155,50,,,,
2019-01-27,356,329,27,,,,
2019-01-28,580,576,4,,,,
2019-01-29,356,352,4,,,,
2019-01-30,573,567,6,,,,
2019-01-31,652,651,1,,,,
2019-02-01,943,916,27,,,,
2019-02-02,784,712,72,,,,
2019-02-03,1106,1024,82,,,,
2019-02-04,2682,2627,55,,,,
2019-02-05,3123,3071,52,,,,
2019-02-06,615,606,9,,,,
2019-02-07,1482,1469,13,,,,
2019-02-08,1790,1774,16,,,,
2019-02-09,1024,991,33,,,,
2019-02-10,1008,974,34,,,,
2019-02-11,1965,1930,35,,,,
2019-02-12,315,315,0,,,,
2019-02-13,572,563,9,,,,
2019-02-14,1467,1425,42,,,,
2019-02-15,1689,1649,40,,,,
2019-02-16,894,842,52,,,,
2019-02-17,657,630,27,,,,
2019-02-18,456,439,17,,,,
2019-02-19,1965,1935,30,,,,
2019-02-20,2050,2024,26,,,,
2019-02-21,2429,2391,38,,,,
2019-02-22,2729,2625,104,,,,
2019-02-23,1581,1475,106,,,,
2019-02-24,936,879,57,,,,
2019-02-25,1849,1818,31,,,,
2019-02-26,2340,2304,36,,,,
2019-02-27,400,391,9,,,,
2019-02-28,1207,1172,35,,,,
2019-03-01,1914,1871,43,,,,
2019-03-02,708,673,35,,,,
2019-03-03,983,936,47,,,,
2019-03-04,1832,1801,31,,,,
2019-03-05,1890,1887,3,,,,
2019-03-06,1981,1960,21,,,,
2019-03-07,2188,2158,30,,,,
2019-03-08,2495,2442,53,,,,
2019-03-09,1490,1400,90,,,,
2019-03-10,920,858,62,,,,
2019-03-11,2682,2600,82,,,,
2019-03-12,3323,3196,127,,,,
2019-03-13,3307,3228,79,,,,
2019-03-14,3208,3080,128,,,,
2019-03-15,3522,3317,205,,,,
2019-03-16,1813,1672,141,,,,
2019-03-17,1849,1616,233,,,,
2019-03-18,3762,3558,204,,,,
2019-03-19,4010,3805,205,,,,
2019-03-20,4836,4596,240,,,,
2019-03-21,4439,4239,200,,,,
2019-03-22,3425,3302,123,,,,
2019-03-23,2565,2039,526,,,,
2019-03-24,2765,2080,685,,,,
2019-03-25,4189,4031,158,,,,
2019-03-26,4477,4228,249,,,,
2019-03-27,4987,4629,358,,,,
2019-03-28,4364,4167,197,,,,
2019-03-29,5605,4981,624,,,,
2019-03-30,949,867,82,,,,
2019-03-31,1065,983,82,,,,
2019-04-01,4219,3976,243,,,,
2019-04-02,5007,4640,367,,,,
2019-04-03,4762,4572,190,,,,
2019-04-04,5129,4824,305,,,,
2019-04-05,4132,3890,242,,,,
2019-04-06,5366,3447,1919,,,,
2019-04-07,4001,2637,1364,,,,
2019-04-08,5891,5088,803,,,,
2019-04-09,5384,4981,403,,,,
2019-04-10,5449,5143,306,,,,
2019-04-11,4140,3986,154,,,,
2019-04-12,5236,4700,536,,,,
2019-04-13,6522,4177,2345,,,,
2019-04-14,1052,925,127,,,,
2019-04-15,4444,4127,317,,,,
2019-04-16,5056,4765,291,,,,
2019-04-17,6465,5812,653,,,,
2019-04-18,6387,5733,654,,,,
2019-04-19,1325,1124,201,,,,
2019-04-20,1420,1194,226,,,,
2019-04-21,4282,2413,1869,,,,
2019-04-22,6839,5068,1771,,,,
2019-04-23,6050,5520,530,,,,
2019-04-24,6915,6007,908,,,,
2019-04-25,7065,6093,972,,,,
2019-04-26,3484,3195,289,,,,
2019-04-27,3528,2915,613,,,,
2019-04-28,5185,3456,1729,,,,
2019-04-29,4383,4049,334,,,,
2019-04-30,6033,5474,559,,,,
2019-05-01,2980,2830,150,,,,
2019-05-02,5631,5148,483,,,,
2019-05-03,4425,3947,478,,,,
2019-05-04,4589,3195,1394,,,,
2019-05-05,8679,4583,4096,,,,
2019-05-06,7565,6436,1129,,,,
2019-05-07,7039,6300,739,,,,
2019-05-08,7447,6585,862,,,,
2019-05-09,4878,4468,410,,,,
2019-05-10,6178,5431,747,,,,
2019-05-11,6654,4123,2531,,,,
2019-05-12,2322,1875,447,,,,
2019-05-13,2313,2218,95,,,,
2019-05-14,6480,5862,618,,,,
2019-05-15,7133,6146,987,,,,
2019-05-16,7353,6421,932,,,,
2019-05-17,8592,6588,2004,,,,
2019-05-18,6396,3597,2799,,,,
2019-05-19,8106,3704,4402,,,,
2019-05-20,6476,3191,3285,,,,
2019-05-21,9379,7533,1846,,,,
2019-05-22,7378,6433,945,,,,
2019-05-23,8604,7313,1291,,,,
2019-05-24,9508,7466,2042,,,,
2019-05-25,4135,2903,1232,,,,
2019-05-26,11501,5489,6012,,,,
2019-05-27,10113,7651,2462,,,,
2019-05-28,5926,5213,713,,,,
2019-05-29,8036,6952,1084,,,,
2019-05-30,9200,7711,1489,,,,
2019-05-31,9600,7320,2280,,,,
2019-06-01,7496,4593,2903,,,,
2019-06-02,8858,4874,3984,,,,
2019-06-03,8740,7180,1560,,,,
2019-06-04,8084,7196,888,,,,
2019-06-05,4772,4337,435,,,,
2019-06-06,10154,8117,2037,,,,
2019-06-07,11054,8352,2702,,,,
2019-06-08,12579,6021,6558,,,,
2019-06-09,10151,4973,5178,,,,
2019-06-10,3936,3321,615,,,,
2019-06-11,10717,8631,2086,,,,
2019-06-12,10617,8612,2005,,,,
2019-06-13,4702,4078,624,,,,
2019-06-14,11303,8493,2810,,,,
2019-06-15,7410,4736,2674,,,,
2019-06-16,8862,4709,4153,,,,
2019-06-17,12195,8654,3541,,,,
2019-06-18,11552,8929,2623,,,,
2019-06-19,11657,9172,2485,,,,
2019-06-20,5856,4904,952,,,,
2019-06-21,11716,8610,3106,,,,
2019-06-22,12507,5939,6568,,,,
2019-06-23,11390,5475,5915,,,,
2019-06-24,10238,7925,2313,,,,
2019-06-25,11552,9013,2539,,,,
2019-06-26,10936,8560,2376,,,,
2019-06-27,11672,9052,2620,,,,
2019-06-28,9087,6888,2199,,,,
2019-06-29,10316,4706,5610,,,,
2019-06-30,11809,4496,7313,,,,
2019-07-01,13412,4887,8525,,,,
2019-07-02,10421,8131,2290,,,,
2019-07-03,12331,9418,2913,,,,
2019-07-04,12750,9539,3211,,,,
2019-07-05,12401,8719,3682,,,,
2019-07-06,9878,5209,4669,,,,
2019-07-07,12293,6090,6203,,,,
2019-07-08,12007,9022,2985,,,,
2019-07-09,13035,9905,3130,,,,
2019-07-10,13709,10380,3329,,,,
2019-07-11,12429,9714,2715,,,,
2019-07-12,13318,9773,3545,,,,
2019-07-13,11396,5878,5518,,,,
2019-07-14,13627,6624,7003,,,,
2019-07-15,12410,9419,2991,,,,
2019-07-16,11933,9523,2410,,,,
2019-07-17,8365,6509,1856,,,,
2019-07-18,13515,10415,3100,,,,
2019-07-19,11709,8982,2727,,,,
2019-07-20,10289,5621,4668,,,,
2019-07-21,12441,6121,6320,,,,
2019-07-22,11168,8660,2508,,,,
2019-07-23,13696,10577,3119,,,,
2019-07-24,14297,10756,3541,,,,
2019-07-25,13279,10164,3115,,,,
2019-07-26,14214,10030,4184,,,,
2019-07-27,13135,6404,6731,,,,
2019-07-28,11925,6107,5818,,,,
2019-07-29,12703,9635,3068,,,,
2019-07-30,9982,7537,2445,,,,
2019-07-31,14168,10674,3494,,,,
2019-08-01,14225,10543,3682,,,,
2019-08-02,13208,9136,4072,,,,
2019-08-03,12474,5707,6767,,,,
2019-08-04,13668,5467,8201,,,,
2019-08-05,12843,5549,7294,,,,
2019-08-06,10284,8378,1906,,,,
2019-08-07,17578,10495,7083,,,,
2019-08-08,12916,9949,2967,,,,
2019-08-09,13647,9751,3896,,,,
2019-08-10,13775,6576,7199,,,,
2019-08-11,13580,6551,7029,,,,
2019-08-12,11473,8447,3026,,,,
2019-08-13,14330,10811,3519,,,,
2019-08-14,21243,11029,10214,,,,
2019-08-15,13216,9973,3243,,,,
2019-08-16,13953,9823,4130,,,,
2019-08-17,9032,4828,4204,,,,
2019-08-18,10409,5475,4934,,,,
2019-08-19,13127,9812,3315,,,,
2019-08-20,13321,10403,2918,,,,
2019-08-21,18142,10203,7939,,,,
2019-08-22,13943,10300,3643,,,,
2019-08-23,13090,9594,3496,,,,
2019-08-24,12799,6223,6576,,,,
2019-08-25,12190,5935,6255,,,,
2019-08-26,12825,9473,3352,,,,
2019-08-27,8156,6918,1238,,,,
2019-08-28,19027,10294,8733,,,,
2019-08-29,13702,10139,3563,,,,
2019-08-30,13003,9354,3649,,,,
2019-08-31,12216,5486,6730,,,,
2019-09-01,6608,3409,3199,,,,
2019-09-02,11621,5227,6394,,,,
2019-09-03,11551,9416,2135,,,,
2019-09-04,12218,10176,2042,,,,
2019-09-05,12644,10341,2303,,,,
2019-09-06,10302,8411,1891,,,,
2019-09-07,10565,6390,4175,,,,
2019-09-08,9425,5487,3938,,,,
2019-09-09,12030,9400,2630,,,,
2019-09-10,12630,10278,2352,,,,
2019-09-11,13183,10316,2867,,,,
2019-09-12,12400,9965,2435,,,,
2019-09-13,10842,9068,1774,,,,
2019-09-14,11407,6604,4803,,,,
2019-09-15,5325,3810,1515,,,,
2019-09-16,10622,9206,1416,,,,
2019-09-17,12694,10721,1973,,,,
2019-09-18,12839,10788,2051,,,,
2019-09-19,12930,10732,2198,,,,
2019-09-20,12931,10281,2650,,,,
2019-09-21,12485,6764,5721,,,,
2019-09-22,10375,6114,4261,,,,
2019-09-23,11204,9381,1823,,,,
2019-09-24,12640,10785,1855,,,,
2019-09-25,12351,10612,1739,,,,
2019-09-26,10397,9101,1296,,,,
2019-09-27,11881,10095,1786,,,,
2019-09-28,6538,4722,1816,,,,
2019-09-29,7545,5239,2306,,,,
2019-09-30,10539,9174,1365,,,,
2019-10-01,8951,7970,981,,,,
2019-10-02,7548,7009,539,,,,
2019-10-03,6330,5912,418,,,,
2019-10-04,9642,8435,1207,,,,
2019-10-05,7685,5370,2315,,,,
2019-10-06,7039,4989,2050,,,,
2019-10-07,10434,9118,1316,,,,
2019-10-08,11050,9798,1252,,,,
2019-10-09,10697,9490,1207,,,,
2019-10-10,10698,9515,1183,,,,
2019-10-11,10349,8651,1698,,,,
2019-10-12,6347,4214,2133,,,,
2019-10-13,6444,3719,2725,,,,
2019-10-14,5315,3442,1873,,,,
2019-10-15,9869,8670,1199,,,,
2019-10-16,5794,5351,443,,,,
2019-10-17,7795,7193,602,,,,
2019-10-18,8926,7817,1109,,,,
2019-10-19,7515,5045,2470,,,,
2019-10-20,8672,5348,3324,,,,
2019-10-21,9292,8154,1138,,,,
2019-10-22,7007,6345,662,,,,
2019-10-23,9422,8466,956,,,,
2019-10-24,9286,8274,1012,,,,
2019-10-25,8838,7800,1038,,,,
2019-10-26,6234,4439,1795,,,,
2019-10-27,3761,3040,721,,,,
2019-10-28,9365,8365,1000,,,,
2019-10-29,9555,8641,914,,,,
2019-10-30,5233,4921,312,,,,
2019-10-31,3564,3415,149,,,,
2019-11-01,6359,5959,400,,,,
2019-11-02,3730,3262,468,,,,
2019-11-03,3957,3206,751,,,,
2019-11-04,6667,6246,421,,,,
2019-11-05,7458,6908,550,,,,
2019-11-06,6581,6177,404,,,,
2019-11-07,5557,5261,296,,,,
2019-11-08,5821,5445,376,,,,
2019-11-09,3371,2937,434,,,,
2019-11-10,3400,2901,499,,,,
2019-11-11,2102,2012,90,,,,
2019-11-12,1716,1660,56,,,,
2019-11-13,2328,2255,73,,,,
2019-11-14,3060,2976,84,,,,
2019-11-15,4122,3944,178,,,,
2019-11-16,2341,2190,151,,,,
2019-11-17,2866,2520,346,,,,
2019-11-18,3931,3796,135,,,,
2019-11-19,5518,5309,209,,,,
2019-11-20,6442,6151,291,,,,
2019-11-21,5152,4954,198,,,,
2019-11-22,5521,5252,269,,,,
2019-11-23,3769,3265,504,,,,
2019-11-24,3350,2855,495,,,,
2019-11-25,6138,5794,344,,,,
2019-11-26,7134,6730,404,,,,
2019-11-27,4585,4395,190,,,,
2019-11-28,5893,5642,251,,,,
2019-11-29,5392,5109,283,,,,
2019-11-30,3109,2828,281,,,,
2019-12-01,517,487,30,,,,
2019-12-02,1351,1319,32,,,,
2019-12-03,2709,2636,73,,,,
2019-12-04,3734,3611,123,,,,
2019-12-05,3973,3881,92,,,,
2019-12-06,2276,2193,83,,,,
2019-12-07,2028,1948,80,,,,
2019-12-08,2124,1978,146,,,,
2019-12-09,3771,3696,75,,,,
2019-12-10,4579,4444,135,,,,
2019-12-11,4008,3915,93,,,,
2019-12-12,4115,4006,109,,,,
2019-12-13,5003,4821,182,,,,
2019-12-14,1108,1050,58,,,,
2019-12-15,2043,1920,123,,,,
2019-12-16,4605,4395,210,,,,
2019-12-17,4475,4319,156,,,,
2019-12-18,2844,2788,56,,,,
2019-12-19,1990,1927,63,,,,
2019-12-20,2769,2639,130,,,,
2019-12-21,2136,1920,216,,,,
2019-12-22,1979,1787,192,,,,
2019-12-23,3377,3132,245,,,,
2019-12-24,2225,2015,210,,,,
2019-12-25,821,589,232,,,,
2019-12-26,1278,1135,143,,,,
2019-12-27,2588,2205,383,,,,
2019-12-28,2503,1982,521,,,,
2019-12-29,1027,917,110,,,,
2019-12-30,2496,2228,268,,,,
2019-12-31,1937,1795,142,,,,
2020-01-01,1358,1113,245,,,,
2020-01-02,3767,3459,308,,,,
2020-01-03,4391,3970,421,,,,
2020-01-04,2396,2184,212,,,,
2020-01-05,1979,1835,144,,,,
2020-01-06,3675,3565,110,,,,
2020-01-07,4550,4403,147,,,,
2020-01-08,3458,3317,141,,,,
2020-01-09,3548,3414,134,,,,
2020-01-10,4373,4196,177,,,,
2020-01-11,825,768,57,,,,
2020-01-12,1752,1654,98,,,,
2020-01-13,4123,4046,77,,,,
2020-01-14,4810,4648,162,,,,
2020-01-15,5499,5306,193,,,,
2020-01-16,4751,4570,181,,,,
2020-01-17,3358,3247,111,,,,
2020-01-18,544,515,29,,,,
2020-01-19,722,689,33,,,,
2020-01-20,2039,2002,37,,,,
2020-01-21,2735,2674,61,,,,
2020-01-22,3381,3275,106,,,,
2020-01-23,4020,3895,125,,,,
2020-01-24,3406,3312,94,,,,
2020-01-25,1715,1570,145,,,,
2020-01-26,1903,1702,201,,,,
2020-01-27,4615,4431,184,,,,
2020-01-28,4758,4609,149,,,,
2020-01-29,4444,4270,174,,,,
2020-01-30,4598,4472,126,,,,
2020-01-31,4655,4448,207,,,,
2020-02-01,2468,2131,337,,,,
2020-02-02,1108,1002,106,,,,
2020-02-03,5137,4869,268,,,,
2020-02-04,5242,5015,227,,,,
2020-02-05,4734,4543,191,,,,
2020-02-06,2069,1925,144,,,,
2020-02-07,1823,1731,92,,,,
2020-02-08,1560,1344,216,,,,
2020-02-09,1590,1401,189,,,,
2020-02-10,3780,3623,157,,,,
2020-02-11,4765,4596,169,,,,
2020-02-12,4919,4708,211,,,,
2020-02-13,3065,2964,101,,,,
2020-02-14,2546,2377,169,,,,
2020-02-15,1904,1505,399,,,,
2020-02-16,2497,1993,504,,,,
2020-02-17,2148,1712,436,,,,
2020-02-18,3099,2951,148,,,,
2020-02-19,4206,4093,113,,,,
2020-02-20,4120,3927,193,,,,
2020-02-21,4139,3828,311,,,,
2020-02-22,3565,2749,816,,,,
2020-02-23,4160,2775,1385,,,,
2020-02-24,6176,5392,784,,,,
2020-02-25,5403,4687,716,,,,
2020-02-26,2891,2541,350,,,,
2020-02-27,1687,1562,125,,,,
2020-02-28,2577,2358,219,,,,
2020-02-29,1805,1423,382,,,,
2020-03-01,2477,1828,649,,,,
2020-03-02,4094,3904,190,,,,
2020-03-03,4016,3820,196,,,,
2020-03-04,5551,5190,361,,,,
2020-03-05,5908,5329,579,,,,
2020-03-06,4639,4301,338,,,,
2020-03-07,3770,2789,981,,,,
2020-03-08,5407,3378,2029,,,,
2020-03-09,7152,6161,991,,,,
2020-03-10,4744,4357,387,,,,
2020-03-11,5529,5223,306,,,,
2020-03-12,5467,5134,333,,,,
2020-03-13,4545,4198,347,,,,
2020-03-14,3442,2626,816,,,,
2020-03-15,3454,2391,1063,,,,
2020-03-16,3400,2922,478,,,,
2020-03-17,2744,2349,395,,,,
2020-03-18,2369,1970,399,,,,
2020-03-19,2633,2132,501,,,,
2020-03-20,2300,1852,448,,,,
2020-03-21,2655,1759,896,,,,
2020-03-22,2014,1460,554,,,,
2020-03-23,882,799,83,,,,
2020-03-24,2101,1806,295,,,,
2020-03-25,2214,1711,503,,,,
2020-03-26,2153,1646,507,,,,
2020-03-27,2817,1989,828,,,,
2020-03-28,1398,1063,335,,,,
2020-03-29,2606,1672,934,,,,
2020-03-30,1134,941,193,,,,
2020-03-31,1431,1252,179,,,,
2020-04-01,2665,2006,659,,,,
2020-04-02,2723,2029,694,,,,
2020-04-03,2039,1624,415,,,,
2020-04-04,2734,1850,884,,,,
2020-04-05,3920,2289,1631,,,,
2020-04-06,2481,1859,622,,,,
2020-04-07,2002,1619,383,,,,
2020-04-08,2888,2177,711,,,,
2020-04-09,1959,1665,294,,,,
2020-04-10,1854,1335,519,,,,
2020-04-11,3032,2005,1027,,,,
2020-04-12,2313,1571,742,,,,
2020-04-13,1091,921,170,,,,
2020-04-14,1704,1450,254,,,,
2020-04-15,1639,1432,207,,,,
2020-04-16,1593,1380,213,,,,
2020-04-17,1797,1576,221,,,,
2020-04-18,3963,2448,1515,,,,
2020-04-19,1988,1493,495,,,,
2020-04-20,2200,1728,472,,,,
2020-04-21,1197,1098,99,,,,
2020-04-22,2169,1777,392,,,,
2020-04-23,1792,1552,240,,,,
2020-04-24,2385,1916,469,,,,
2020-04-25,6509,3256,3253,,,,
2020-04-26,1421,1037,384,,,,
2020-04-27,3641,2436,1205,,,,
2020-04-28,2553,1924,629,,,,
2020-04-29,1730,1493,237,,,,
2020-04-30,1797,1488,309,,,,
2020-05-01,4018,2693,1325,,,,
2020-05-02,4238,2349,1889,,,,
2020-05-03,13339,4927,8412,,,,
2020-05-04,2914,1999,915,,,,
2020-05-05,2995,2132,863,,,,
2020-05-06,4103,2693,1410,,,,
2020-05-07,2764,2084,680,,,,
2020-05-08,2334,1875,459,,,,
2020-05-09,1855,1425,430,,,,
2020-05-10,2413,1727,686,,,,
2020-05-11,1840,1485,355,,,,
2020-05-12,2570,2035,535,,,,
2020-05-13,4585,3061,1524,,,,
2020-05-14,1932,1552,380,,,,
2020-05-15,2764,2049,715,,,,
2020-05-16,13742,5362,8380,,,,
2020-05-17,6125,2977,3148,,,,
2020-05-18,1416,964,452,,,,
2020-05-19,3483,2597,886,,,,
2020-05-20,7223,4102,3121,,,,
2020-05-21,7445,4168,3277,,,,
2020-05-22,8884,4345,4539,,,,
2020-05-23,20910,6890,14020,,,,
2020-05-24,14320,5466,8854,,,,
2020-05-25,8533,4427,4106,,,,
2020-05-26,8744,4879,3865,,,,
2020-05-27,8809,4841,3968,,,,
2020-05-28,3417,2381,1036,,,,
2020-05-29,4299,3088,1211,,,,
2020-05-30,12040,5113,6927,,,,
2020-05-31,12170,5307,6863,,,,
2020-06-01,8168,4609,3559,,,,
2020-06-02,6534,4205,2329,,,,
2020-06-03,7436,4607,2829,,,,
2020-06-04,9358,5285,4073,,,,
2020-06-05,7634,4654,2980,,,,
2020-06-06,18287,7632,10655,,,,
2020-06-07,18381,6736,11645,,,,
2020-06-08,9482,5141,4341,,,,
2020-06-09,10895,6027,4868,,,,
2020-06-10,8258,4887,3371,,,,
2020-06-11,9442,5541,3901,,,,
2020-06-12,10387,5798,4589,,,,
2020-06-13,19097,7236,11861,,,,
2020-06-14,17128,6684,10444,,,,
2020-06-15,9470,5552,3918,,,,
2020-06-16,10762,6426,4336,,,,
2020-06-17,11666,6852,4814,,,,
2020-06-18,11563,6565,4998,,,,
2020-06-19,13228,7114,6114,,,,
2020-06-20,20508,8258,12250,,,,
2020-06-21,16843,7150,9693,,,,
2020-06-22,9196,5459,3737,,,,
2020-06-23,7129,4642,2487,,,,
2020-06-24,10840,6672,4168,,,,
2020-06-25,11648,7112,4536,,,,
2020-06-26,13862,7630,6232,,,,
2020-06-27,17596,7963,9633,,,,
2020-06-28,20094,8405,11689,,,,
2020-06-29,12325,6905,5420,,,,
2020-06-30,13254,7951,5303,,,,
2020-07-01,21373,8356,13017,,,,
2020-07-02,12169,7203,4966,,,,
2020-07-03,13881,7662,6219,,,,
2020-07-04,19845,8467,11378,,,,
2020-07-05,18804,8043,10761,,,,
2020-07-06,12327,7516,4811,,,,
2020-07-07,12854,7907,4947,,,,
2020-07-08,11693,7343,4350,,,,
2020-07-09,13065,8294,4771,,,,
2020-07-10,13547,8188,5359,,,,
2020-07-11,9335,5486,3849,,,,
2020-07-12,19443,8965,10478,,,,
2020-07-13,12482,7829,4653,,,,
2020-07-14,14202,8929,5273,,,,
2020-07-15,15076,9346,5730,,,,
2020-07-16,8637,5985,2652,,,,
2020-07-17,16443,9577,6866,,,,
2020-07-18,22857,9990,12867,,,,
2020-07-19,12740,6751,5989,,,,
2020-07-20,13777,8640,5137,,,,
2020-07-21,14567,9158,5409,,,,
2020-07-22,8609,5994,2615,,,,
2020-07-23,14793,9566,5227,,,,
2020-07-24,16401,9775,6626,,,,
2020-07-25,22538,10672,11866,,,,
2020-07-26,18638,8636,10002,,,,
2020-07-27,10807,7204,3603,,,,
2020-07-28,13983,9195,4788,,,,
2020-07-29,13541,9028,4513,,,,
2020-07-30,14891,9642,5249,,,,
2020-07-31,15566,9381,6185,,,,
2020-08-01,21078,9666,11412,,,,
2020-08-02,7908,4299,3609,,,,
2020-08-03,12575,6910,5665,,,,
2020-08-04,8151,5967,2184,,,,
2020-08-05,15149,9764,5385,,,,
2020-08-06,15073,9712,5361,,,,
2020-08-07,16451,10206,6245,,,,
2020-08-08,23442,10942,12500,,,,
2020-08-09,19074,9332,9742,,,,
2020-08-10,13051,8647,4404,,,,
2020-08-11,13347,9267,4080,,,,
2020-08-12,15357,10038,5319,,,,
2020-08-13,15571,10067,5504,,,,
2020-08-14,16894,10217,6677,,,,
2020-08-15,23206,10850,12356,,,,
2020-08-16,14512,7678,6834,,,,
2020-08-17,10379,7344,3035,,,,
2020-08-18,14353,9573,4780,,,,
2020-08-19,16000,10374,5626,,,,
2020-08-20,16476,11075,5401,,,,
2020-08-21,16455,10601,5854,,,,
2020-08-22,22863,11113,11750,,,,
2020-08-23,19888,10026,9862,,,,
2020-08-24,14309,9642,4667,,,,
2020-08-25,15768,10509,5259,,,,
2020-08-26,12301,8322,3979,,,,
2020-08-27,14333,10117,4216,,,,
2020-08-28,16632,10897,5735,,,,
2020-08-29,18015,9867,8148,,,,
2020-08-30,21406,10697,10709,,,,
2020-08-31,14451,9794,4657,,,,
2020-09-01,14475,10121,4354,,,,
2020-09-02,15168,9631,5537,,,,
2020-09-03,15212,10435,4777,,,,
2020-09-04,16354,10442,5912,,,,
2020-09-05,19757,9302,10455,,,,
2020-09-06,23554,9736,13818,,,,
2020-09-07,11797,6413,5384,,,,
2020-09-08,11045,8609,2436,,,,
2020-09-09,13798,8530,5268,,,,
2020-09-10,13298,9700,3598,,,,
2020-09-11,14103,10333,3770,,,,
2020-09-12,19619,10777,8842,,,,
2020-09-13,15077,8551,6526,,,,
2020-09-14,11848,9158,2690,,,,
2020-09-15,11881,9386,2495,,,,
2020-09-16,17693,10204,7489,,,,
2020-09-17,12683,9360,3323,,,,
2020-09-18,12266,9402,2864,,,,
2020-09-19,15859,9494,6365,,,,
2020-09-20,15423,9109,6314,,,,
2020-09-21,11012,8693,2319,,,,
2020-09-22,11877,9431,2446,,,,
2020-09-23,18411,10343,8068,,,,
2020-09-24,11872,8839,3033,,,,
2020-09-25,14588,10578,4010,,,,
2020-09-26,20889,11121,9768,,,,
2020-09-27,18502,9762,8740,,,,
2020-09-28,11985,9159,2826,,,,
2020-09-29,10718,8671,2047,,,,
2020-09-30,9898,6721,3177,,,,
2020-10-01,11177,8522,2655,,,,
2020-10-02,10159,8261,1898,,,,
2020-10-03,13334,8712,4622,,,,
2020-10-04,5788,4512,1276,,,,
2020-10-05,10152,8234,1918,,,,
2020-10-06,10270,8390,1880,,,,
2020-10-07,8651,7163,1488,,,,
2020-10-08,8670,7219,1451,,,,
2020-10-09,11821,8999,2822,,,,
2020-10-10,13497,8189,5308,,,,
2020-10-11,9159,5810,3349,,,,
2020-10-12,8230,5283,2947,,,,
2020-10-13,10299,7886,2413,,,,
2020-10-14,10213,7750,2463,,,,
2020-10-15,4469,3725,744,,,,
2020-10-16,9962,7733,2229,,,,
2020-10-17,13856,8355,5501,,,,
2020-10-18,8732,6089,2643,,,,
2020-10-19,4700,4121,579,,,,
2020-10-20,8169,6835,1334,,,,
2020-10-21,7918,6310,1608,,,,
2020-10-22,7673,6270,1403,,,,
2020-10-23,12126,8637,3489,,,,
2020-10-24,10233,6626,3607,,,,
2020-10-25,7087,5001,2086,,,,
2020-10-26,6001,4939,1062,,,,
2020-10-27,5041,4087,954,,,,
2020-10-28,8598,6803,1795,,,,
2020-10-29,6851,5537,1314,,,,
2020-10-30,6632,5234,1398,,,,
2020-10-31,8371,5660,2711,,,,
2020-11-01,3797,2981,816,,,,
2020-11-02,4571,3785,786,,,,
2020-11-03,5998,4945,1053,,,,
2020-11-04,8710,6477,2233,,,,
2020-11-05,8732,6674,2058,,,,
2020-11-06,10569,7265,3304,,,,
2020-11-07,16703,8449,8254,,,,
2020-11-08,15071,7519,7552,,,,
2020-11-09,8978,6286,2692,,,,
2020-11-10,11258,7497,3761,,,,
2020-11-11,9656,6722,2934,,,,
2020-11-12,7098,5441,1657,,,,
2020-11-13,6851,5341,1510,,,,
2020-11-14,8020,5349,2671,,,,
2020-11-15,2697,2150,547,,,,
2020-11-16,4811,4015,796,,,,
2020-11-17,5067,4113,954,,,,
2020-11-18,5113,4188,925,,,,
2020-11-19,6866,5460,1406,,,,
2020-11-20,9384,6636,2748,,,,
2020-11-21,6679,4762,1917,,,,
2020-11-22,1439,1152,287,,,,
2020-11-23,3276,2635,641,,,,
2020-11-24,3832,3065,767,,,,
2020-11-25,3467,2773,694,,,,
2020-11-26,5000,3961,1039,,,,
2020-11-27,5552,4331,1221,,,,
2020-11-28,6267,4209,2058,,,,
2020-11-29,5999,3923,2076,,,,
2020-11-30,1795,1521,274,,,,
2020-12-01,1961,1538,423,,,,
2020-12-02,3871,3064,807,,,,
2020-12-03,4435,3446,989,,,,
2020-12-04,3252,2626,626,,,,
2020-12-05,4060,3014,1046,,,,
2020-12-06,3691,2622,1069,,,,
2020-12-07,3218,2661,557,,,,
2020-12-08,3761,3037,724,,,,
2020-12-09,2676,2145,531,,,,
2020-12-10,4312,3442,870,,,,
2020-12-11,5125,3905,1220,,,,
2020-12-12,2358,1733,625,,,,
2020-12-13,3562,2686,876,,,,
2020-12-14,3514,2792,722,,,,
2020-12-15,3351,2626,725,,,,
2020-12-16,2506,1975,531,,,,
2020-12-17,3061,2453,608,,,,
2020-12-18,3790,2833,957,,,,
2020-12-19,2939,2300,639,,,,
2020-12-20,2972,2255,717,,,,
2020-12-21,3789,2877,912,,,,
2020-12-22,3737,2856,881,,,,
2020-12-23,4198,3128,1070,,,,
2020-12-24,2147,1623,524,,,,
2020-12-25,666,465,201,,,,
2020-12-26,994,707,287,,,,
2020-12-27,1613,1231,382,,,,
2020-12-28,2174,1616,558,,,,
2020-12-29,2861,2128,733,,,,
2020-12-30,1566,1146,420,,,,
2020-12-31,3188,2298,890,,,,
2021-01-01,1804,1220,584,,,,
2021-01-02,1906,1317,589,,,,
2021-01-03,1941,1331,610,,,,
2021-01-04,3054,2341,713,,,,
2021-01-05,2816,2104,712,,,,
2021-01-06,3172,2403,769,,,,
2021-01-07,3565,2666,899,,,,
2021-01-08,3465,2554,911,,,,
2021-01-09,4152,2757,1395,,,,
2021-01-10,2942,1976,966,,,,
2021-01-11,2956,2152,804,,,,
2021-01-12,2762,2115,647,,,,
2021-01-13,3514,2580,934,,,,
2021-01-14,3488,2506,982,,,,
2021-01-15,3074,2246,828,,,,
2021-01-16,4651,2927,1724,,,,
2021-01-17,3552,2294,1258,,,,
2021-01-18,3075,2281,794,,,,
2021-01-19,2983,2214,769,,,,
2021-01-20,2674,1955,719,,,,
2021-01-21,3306,2371,935,,,,
2021-01-22,3050,2170,880,,,,
2021-01-23,2586,1761,825,,,,
2021-01-24,2460,1736,724,,,,
2021-01-25,3229,2331,898,,,,
2021-01-26,1046,752,294,,,,
2021-01-27,1552,1110,442,,,,
2021-01-28,1687,1187,500,,,,
2021-01-29,2081,1469,612,,,,
2021-01-30,2390,1575,815,,,,
2021-01-31,1438,1067,371,,,,
2021-02-01,2055,1965,90,,,,
2021-02-02,2299,2218,81,,,,
2021-02-03,2723,2561,162,,,,
2021-02-04,3180,2863,317,,,,
2021-02-05,2132,1964,168,,,,
2021-02-06,1943,1732,211,,,,
2021-02-07,1573,1432,141,,,,
2021-02-08,1917,1823,94,,,,
2021-02-09,2134,2054,80,,,,
2021-02-10,2295,2141,154,,,,
2021-02-11,2299,2125,174,,,,
2021-02-12,1678,1561,117,,,,
2021-02-13,1376,1250,126,,,,
2021-02-14,2067,1676,391,,,,
2021-02-15,1489,1357,132,,,,
2021-02-16,708,678,30,,,,
2021-02-17,1584,1485,99,,,,
2021-02-18,1277,1155,122,,,,
2021-02-19,1141,1065,76,,,,
2021-02-20,1745,1592,153,,,,
2021-02-21,1998,1679,319,,,,
2021-02-22,1265,1155,110,,,,
2021-02-23,2212,2055,157,,,,
2021-02-24,2872,2660,212,,,,
2021-02-25,2946,2710,236,,,,
2021-02-26,3490,3005,485,,,,
2021-02-27,3934,2995,939,,,,
2021-02-28,2547,2101,446,,,,
2021-03-01,2138,2032,106,,,,
2021-03-02,2539,2372,167,,,,
2021-03-03,4016,3443,573,,,,
2021-03-04,2895,2656,239,,,,
2021-03-05,2977,2658,319,,,,
2021-03-06,2900,2394,506,,,,
2021-03-07,3671,2859,812,,,,
2021-03-08,3499,3111,388,,,,
2021-03-09,5327,4368,959,,,,
2021-03-10,5745,4595,1150,,,,
2021-03-11,4821,3905,916,,,,
2021-03-12,4544,3794,750,,,,
2021-03-13,5885,4169,1716,,,,
2021-03-14,3039,2339,700,,,,
2021-03-15,3262,2894,368,,,,
2021-03-16,3405,3153,252,,,,
2021-03-17,5206,4367,839,,,,
2021-03-18,3861,3430,431,,,,
2021-03-19,4640,3967,673,,,,
2021-03-20,11142,6036,5106,,,,
2021-03-21,9782,5363,4419,,,,
2021-03-22,6674,4955,1719,,,,
2021-03-23,7143,5549,1594,,,,
2021-03-24,5954,4908,1046,,,,
2021-03-25,8895,6456,2439,,,,
2021-03-26,4407,3740,667,,,,
2021-03-27,6988,4879,2109,,,,
2021-03-28,2874,2374,500,,,,
2021-03-29,4987,4375,612,,,,
2021-03-30,8946,6622,2324,,,,
2021-03-31,5235,4451,784,,,,
2021-04-01,4211,3808,403,,,,
2021-04-02,5177,3734,1443,,,,
2021-04-03,5435,3809,1626,,,,
2021-04-04,13411,6155,7256,,,,
2021-04-05,7021,5001,2020,,,,
2021-04-06,6658,5384,1274,,,,
2021-04-07,8714,6682,2032,,,,
2021-04-08,10053,6954,3099,,,,
2021-04-09,8125,6069,2056,,,,
2021-04-10,19924,9195,10729,,,,
2021-04-11,4823,3049,1774,,,,
2021-04-12,3057,2648,409,,,,
2021-04-13,7373,5702,1671,,,,
2021-04-14,8994,6475,2519,,,,
2021-04-15,5228,4319,909,,,,
2021-04-16,5506,4510,996,,,,
2021-04-17,9995,6113,3882,,,,
2021-04-18,10541,5868,4673,,,,
2021-04-19,2589,2226,363,,,,
2021-04-20,4628,3912,716,,,,
2021-04-21,3189,2750,439,,,,
2021-04-22,4325,3797,528,,,,
2021-04-23,11292,7402,3890,,,,
2021-04-24,17964,8672,9292,,,,
2021-04-25,9369,5210,4159,,,,
2021-04-26,5886,4402,1484,,,,
2021-04-27,6248,4884,1364,,,,
2021-04-28,6203,4848,1355,,,,
2021-04-29,3133,2656,477,,,,
2021-04-30,5227,4432,795,,,,
2021-05-01,12258,7171,5087,,,,
2021-05-02,9264,5569,3695,,,,
2021-05-03,4387,3553,834,,,,
2021-05-04,5025,4149,876,,,,
2021-05-05,6753,5343,1410,,,,
2021-05-06,9407,6531,2876,,,,
2021-05-07,7678,5794,1884,,,,
2021-05-08,14017,7594,6423,,,,
2021-05-09,11156,5985,5171,,,,
2021-05-10,6958,5318,1640,,,,
2021-05-11,6323,5050,1273,,,,
2021-05-12,11983,8056,3927,,,,
2021-05-13,12614,8097,4517,,,,
2021-05-14,13583,8590,4993,,,,
2021-05-15,24640,11260,13380,,,,
2021-05-16,27029,11077,15952,,,,
2021-05-17,12939,8077,4862,,,,
2021-05-18,14784,9292,5492,,,,
2021-05-19,14163,8948,5215,,,,
2021-05-20,14153,9439,4714,,,,
2021-05-21,18009,10619,7390,,,,
2021-05-22,20183,9383,10800,,,,
2021-05-23,24376,10266,14110,,,,
2021-05-24,26023,10278,15745,,,,
2021-05-25,12572,8457,4115,,,,
2021-05-26,9986,7126,2860,,,,
2021-05-27,12549,8209,4340,,,,
2021-05-28,3625,2845,780,,,,
2021-05-29,20048,9480,10568,,,,
2021-05-30,24493,10278,14215,,,,
2021-05-31,13045,8267,4778,,,,
2021-06-01,13931,9700,4231,,,,
2021-06-02,13612,9287,4325,,,,
2021-06-03,10649,7676,2973,,,,
2021-06-04,15918,10348,5570,,,,
2021-06-05,27346,12216,15130,,,,
2021-06-06,24439,11300,13139,,,,
2021-06-07,13208,9222,3986,,,,
2021-06-08,9714,7315,2399,,,,
2021-06-09,15111,10926,4185,,,,
2021-06-10,15833,11013,4820,,,,
2021-06-11,15849,10951,4898,,,,
2021-06-12,25334,13079,12255,,,,
2021-06-13,19601,10058,9543,,,,
2021-06-14,9102,7200,1902,,,,
2021-06-15,14095,10683,3412,,,,
2021-06-16,14023,10590,3433,,,,
2021-06-17,14812,11183,3629,,,,
2021-06-18,10099,7673,2426,,,,
2021-06-19,20174,11514,8660,,,,
2021-06-20,19506,11049,8457,,,,
2021-06-21,10777,8463,2314,,,,
2021-06-22,12651,9896,2755,,,,
2021-06-23,14086,10662,3424,,,,
2021-06-24,14818,11155,3663,,,,
2021-06-25,8110,6252,1858,,,,
2021-06-26,14698,9032,5666,,,,
2021-06-27,20068,11469,8599,,,,
2021-06-28,13130,9754,3376,,,,
2021-06-29,7943,6665,1278,,,,
2021-06-30,14010,10822,3188,,,,
2021-07-01,18281,9733,8548,,,,
2021-07-02,11390,7652,3738,,,,
2021-07-03,20472,10196,10276,,,,
2021-07-04,18931,10251,8680,,,,
2021-07-05,12871,9580,3291,,,,
2021-07-06,13404,10162,3242,,,,
2021-07-07,13457,8560,4897,,,,
2021-07-08,7177,5635,1542,,,,
2021-07-09,11287,8164,3123,,,,
2021-07-10,23320,12681,10639,,,,
2021-07-11,11095,6855,4240,,,,
2021-07-12,13145,9788,3357,,,,
2021-07-13,11236,8650,2586,,,,
2021-07-14,20678,11362,9316,,,,
2021-07-15,12344,8979,3365,,,,
2021-07-16,14883,10533,4350,,,,
2021-07-17,11170,6986,4184,,,,
2021-07-18,18529,10177,8352,,,,
2021-07-19,13280,9529,3751,,,,
2021-07-20,11721,8857,2864,,,,
2021-07-21,22212,11802,10410,,,,
2021-07-22,15867,10885,4982,,,,
2021-07-23,16871,11215,5656,,,,
2021-07-24,11488,7247,4241,,,,
2021-07-25,18631,10209,8422,,,,
2021-07-26,13887,9687,4200,,,,
2021-07-27,10911,8251,2660,,,,
2021-07-28,22178,11319,10859,,,,
2021-07-29,11769,8157,3612,,,,
2021-07-30,16142,10633,5509,,,,
2021-07-31,15283,8361,6922,,,,
2021-08-01,13929,7524,6405,,,,
2021-08-02,19762,9308,10454,,,,
2021-08-03,14811,10017,4794,,,,
2021-08-04,16841,11266,5575,,,,
2021-08-05,16320,10927,5393,,,,
2021-08-06,16551,10847,5704,,,,
2021-08-07,15978,8976,7002,,,,
2021-08-08,17520,9442,8078,,,,
2021-08-09,13812,9640,4172,,,,
2021-08-10,12420,8866,3554,,,,
2021-08-11,14342,9819,4523,,,,
2021-08-12,14383,9837,4546,,,,
2021-08-13,15131,9938,5193,,,,
2021-08-14,21300,10532,10768,,,,
2021-08-15,19261,9730,9531,,,,
2021-08-16,13834,9160,4674,,,,
2021-08-17,14576,9955,4621,,,,
2021-08-18,14779,10393,4386,,,,
2021-08-19,16433,10908,5525,,,,
2021-08-20,16898,10653,6245,,,,
2021-08-21,19988,10226,9762,,,,
2021-08-22,17755,9180,8575,,,,
2021-08-23,14394,9361,5033,,,,
2021-08-24,15699,10609,5090,,,,
2021-08-25,15142,10321,4821,,,,
2021-08-26,13960,9432,4528,,,,
2021-08-27,17403,10816,6587,,,,
2021-08-28,17927,9451,8476,,,,
2021-08-29,15453,8462,6991,,,,
2021-08-30,14520,9837,4683,,,,
2021-08-31,15821,10740,5081,,,,
2021-09-01,16208,10730,5478,,,,
2021-09-02,16127,10686,5441,,,,
2021-09-03,16199,10031,6168,,,,
2021-09-04,20267,9302,10965,,,,
2021-09-05,18787,8388,10399,,,,
2021-09-06,16979,7841,9138,,,,
2021-09-07,11924,8396,3528,,,,
2021-09-08,15111,10646,4465,,,,
2021-09-09,14611,10522,4089,,,,
2021-09-10,15666,10665,5001,,,,
2021-09-11,18814,10232,8582,,,,
2021-09-12,13480,8005,5475,,,,
2021-09-13,14058,9972,4086,,,,
2021-09-14,14442,10484,3958,,,,
2021-09-15,15282,10909,4373,,,,
2021-09-16,16260,11373,4887,,,,
2021-09-17,17005,11363,5642,,,,
2021-09-18,20555,10775,9780,,,,
2021-09-19,18089,9405,8684,,,,
2021-09-20,14965,10164,4801,,,,
2021-09-21,11853,8589,3264,,,,
2021-09-22,4952,3805,1147,,,,
2021-09-23,12145,8998,3147,,,,
2021-09-24,14479,9984,4495,,,,
2021-09-25,12768,7831,4937,,,,
2021-09-26,15932,8544,7388,,,,
2021-09-27,13227,9334,3893,,,,
2021-09-28,14666,10285,4381,,,,
2021-09-29,14937,10375,4562,,,,
2021-09-30,15000,10234,4766,,,,
2021-10-01,15832,,,,,,
2021-10-02,19347,,,,,,
2021-10-03,7472,,,,,,
2021-10-04,9184,,,,,,
2021-10-05,13451,,,,,,
2021-10-06,14380,,,,,,
2021-10-07,14271,,,,,,
2021-10-08,14291,,,,,,
2021-10-09,8694,,,,,,
2021-10-10,13607,,,,,,
2021-10-11,14973,,,,,,
2021-10-12,14669,,,,,,
2021-10-13,15127,,,,,,
2021-10-14,14972,,,,,,
2021-10-15,10470,,,,,,
2021-10-16,10346,,,,,,
2021-10-17,11783,,,,,,
2021-10-18,11467,,,,,,
2021-10-19,14159,,,,,,
2021-10-20,12972,,,,,,
2021-10-21,10253,,,,,,
2021-10-22,11827,,,,,,
2021-10-23,11567,,,,,,
2021-10-24,11784,,,,,,
2021-10-25,4514,,,,,,
2021-10-26,5962,,,,,,
2021-10-27,13682,,,,,,
2021-10-28,11327,,,,,,
2021-10-29,8714,,,,,,
2021-10-30,5796,,,,,,
2021-10-31,10255,,,,,,
2021-11-01,9551,,,,,,
2021-11-02,9474,,,,,,
2021-11-03,9539,,,,,,
2021-11-04,9615,,,,,,
2021-11-05,10249,,,,,,
2021-11-06,10546,,,,,,
2021-11-07,11672,,,,,,
2021-11-08,10520,,,,,,
2021-11-09,8154,,,,,,
2021-11-10,10749,,,,,,
2021-11-11,10377,,,,,,
2021-11-12,10254,,,,,,
2021-11-13,8691,,,,,,
2021-11-14,3883,,,,,,
2021-11-15,7703,,,,,,
2021-11-16,8716,,,,,,
2021-11-17,8059,,,,,,
2021-11-18,8735,,,,,,
2021-11-19,8994,,,,,,
2021-11-20,7901,,,,,,
2021-11-21,5886,,,,,,
2021-11-22,7030,,,,,,
2021-11-23,7862,,,,,,
2021-11-24,8318,,,,,,
2021-11-25,6284,,,,,,
2021-11-26,6943,,,,,,
2021-11-27,6306,,,,,,
2021-11-28,1759,,,,,,
2021-11-29,4151,,,,,,
2021-11-30,5007,,,,,,
2021-12-01,7068,,,,,,
2021-12-02,6887,,,,,,
2021-12-03,7212,,,,,,
2021-12-04,5869,,,,,,
2021-12-05,4131,,,,,,
2021-12-06,4907,,,,,,
2021-12-07,5771,,,,,,
2021-12-08,3825,,,,,,
2021-12-09,4908,,,,,,
2021-12-10,6683,,,,,,
2021-12-11,5674,,,,,,
2021-12-12,5556,,,,,,
2021-12-13,6691,,,,,,
2021-12-14,6718,,,,,,
2021-12-15,5815,,,,,,
2021-12-16,6882,,,,,,
2021-12-17,6984,,,,,,
2021-12-18,1874,,,,,,
2021-12-19,2568,,,,,,
2021-12-20,3984,,,,,,
2021-12-21,4706,,,,,,
2021-12-22,3633,,,,,,
2021-12-23,3723,,,,,,
2021-12-24,2740,,,,,,
2021-12-25,1647,,,,,,
2021-12-26,2656,,,,,,
2021-12-27,1265,,,,,,
2021-12-28,3054,,,,,,
2021-12-29,3521,,,,,,
2021-12-30,4065,,,,,,
2021-12-31,4832,,,,,,
2022-01-01,2851,,,,,,
2022-01-02,1135,,,,,,
2022-01-03,2157,,,,,,
2022-01-04,3371,,,,,,
2022-01-05,2870,,,,,,
2022-01-06,3111,,,,,,
2022-01-07,2935,,,,,,
2022-01-08,2875,,,,,,
2022-01-09,2694,,,,,,
2022-01-10,2201,,,,,,
2022-01-11,1780,,,,,,
2022-01-12,3509,,,,,,
2022-01-13,3665,,,,,,
2022-01-14,2865,,,,,,
2022-01-15,1627,,,,,,
2022-01-16,2389,,,,,,
2022-01-17,194,,,,,,
2022-01-18,446,,,,,,
2022-01-19,981,,,,,,
2022-01-20,869,,,,,,
2022-01-21,1110,,,,,,
2022-01-22,1047,,,,,,
2022-01-23,870,,,,,,
2022-01-24,696,,,,,,
2022-01-25,925,,,,,,
2022-01-26,930,,,,,,
2022-01-27,1065,,,,,,
2022-01-28,1235,,,,,,
2022-01-29,1090,,,,,,
2022-01-30,1185,,,,,,
2022-01-31,2087,,,,,,
2022-02-01,2673,,,,,,
2022-02-02,1681,,,,,,
2022-02-03,1121,,,,,,
2022-02-04,1223,,,,,,
2022-02-05,1537,,,,,,
2022-02-06,1856,,,,,,
2022-02-07,2855,,,,,,
2022-02-08,3007,,,,,,
2022-02-09,3711,,,,,,
2022-02-10,3520,,,,,,
2022-02-11,2901,,,,,,
2022-02-12,2788,,,,,,
2022-02-13,2069,,,,,,
2022-02-14,2564,,,,,,
2022-02-15,3294,,,,,,
2022-02-16,4194,,,,,,
2022-02-17,1471,,,,,,
2022-02-18,1134,,,,,,
2022-02-19,1107,,,,,,
2022-02-20,1743,,,,,,
2022-02-21,2731,,,,,,
2022-02-22,2582,,,,,,
2022-02-23,3165,,,,,,
2022-02-24,3106,,,,,,
2022-02-25,1575,,,,,,
2022-02-26,2351,,,,,,
2022-02-27,2030,,,,,,
2022-02-28,3021,,,,,,
2022-03-01,4224,,,,,,
2022-03-02,4517,,,,,,
2022-03-03,3844,,,,,,
2022-03-04,4645,,,,,,
2022-03-05,4008,,,,,,
2022-03-06,6289,,,,,,
2022-03-07,2760,,,,,,
2022-03-08,4946,,,,,,
2022-03-09,5616,,,,,,
2022-03-10,5616,,,,,,
2022-03-11,3061,,,,,,
2022-03-12,2453,,,,,,
2022-03-13,2075,,,,,,
2022-03-14,4832,,,,,,
2022-03-15,2768,,,,,,
2022-03-16,4942,,,,,,
2022-03-17,8583,,,,,,
2022-03-18,7849,,,,,,
2022-03-19,3826,,,,,,
2022-03-20,7298,,,,,,
2022-03-21,7504,,,,,,
2022-03-22,6632,,,,,,
2022-03-23,3182,,,,,,
2022-03-24,6939,,,,,,
2022-03-25,6473,,,,,,
2022-03-26,4763,,,,,,
2022-03-27,2638,,,,,,
2022-03-28,3481,,,,,,
2022-03-29,5207,,,,,,
2022-03-30,4086,,,,,,
2022-03-31,6881,,,,,,
2022-04-01,4546,,,,,,
2022-04-02,7228,,,,,,
2022-04-03,5146,,,,,,
2022-04-04,6542,,,,,,
2022-04-05,6998,,,,,,
2022-04-06,6630,,,,,,
2022-04-07,7365,,,,,,
2022-04-08,7405,,,,,,
2022-04-09,6906,,,,,,
2022-04-10,7568,,,,,,
2022-04-11,6833,,,,,,
2022-04-12,11013,,,,,,
2022-04-13,7675,,,,,,
2022-04-14,9639,,,,,,
2022-04-15,7356,,,,,,
2022-04-16,8149,,,,,,
2022-04-17,7822,,,,,,
2022-04-18,4080,,,,,,
2022-04-19,5301,,,,,,
2022-04-20,8998,,,,,,
2022-04-21,7272,,,,,,
2022-04-22,11696,,,,,,
2022-04-23,8161,,,,,,
2022-04-24,13900,,,,,,
2022-04-25,6808,,,,,,
2022-04-26,8911,,,,,,
2022-04-27,7517,,,,,,
2022-04-28,10490,,,,,,
2022-04-29,11657,,,,,,
2022-04-30,16308,,,,,,
2022-05-01,6343,,,,,,
2022-05-02,9156,,,,,,
2022-05-03,6540,,,,,,
2022-05-04,13119,,,,,,
2022-05-05,13284,,,,,,
2022-05-06,12702,,,,,,
2022-05-07,17256,,,,,,
2022-05-08,16132,,,,,,
2022-05-09,13669,,,,,,
2022-05-10,15095,,,,,,
2022-05-11,19589,,,,,,
2022-05-12,17669,,,,,,
2022-05-13,18300,,,,,,
2022-05-14,26700,,,,,,
2022-05-15,22687,,,,,,
2022-05-16,11223,,,,,,
2022-05-17,14179,,,,,,
2022-05-18,16484,,,,,,
2022-05-19,14689,,,,,,
2022-05-20,16771,,,,,,
2022-05-21,16937,,,,,,
2022-05-22,14164,,,,,,
2022-05-23,21755,,,,,,
2022-05-24,16122,,,,,,
2022-05-25,17622,,,,,,
2022-05-26,16562,,,,,,
2022-05-27,13599,,,,,,
2022-05-28,24315,,,,,,
2022-05-29,24843,,,,,,
2022-05-30,18318,,,,,,
2022-05-31,19102,,,,,,
2022-06-01,15183,,,,,,
2022-06-02,18483,,,,,,
2022-06-03,20523,,,,,,
2022-06-04,27296,,,,,,
2022-06-05,23716,,,,,,
2022-06-06,11042,,,,,,
2022-06-07,10263,,,,,,
2022-06-08,18654,,,,,,
2022-06-09,16744,,,,,,
2022-06-10,21602,,,,,,
2022-06-11,23661,,,,,,
2022-06-12,18531,,,,,,
2022-06-13,18575,,,,,,
2022-06-14,20784,,,,,,
2022-06-15,19912,,,,,,
2022-06-16,19565,,,,,,
2022-06-17,20782,,,,,,
2022-06-18,23950,,,,,,
2022-06-19,21916,,,,,,
2022-06-20,17508,,,,,,
2022-06-21,21553,,,,,,
2022-06-22,21411,,,,,,
2022-06-23,22549,,,,,,
2022-06-24,23034,,,,,,
2022-06-25,27742,,,,,,
2022-06-26,20514,,,,,,
2022-06-27,17940,,,,,,
2022-06-28,21072,,,,,,
2022-06-29,19265,,,,,,
2022-06-30,21875,,,,,,
2022-07-01,22717,,,,,,
2022-07-02,26831,,,,,,
2022-07-03,24831,,,,,,
2022-07-04,19844,,,,,,
2022-07-05,15225,,,,,,
2022-07-06,22061,,,,,,
2022-07-07,19752,,,,,,
2022-07-08,3811,,,,,,
2022-07-09,27714,,,,,,
2022-07-10,26073,,,,,,
2022-07-11,19197,,,,,,
2022-07-12,20980,,,,,,
2022-07-13,20304,,,,,,
2022-07-14,23879,,,,,,
2022-07-15,23628,,,,,,
2022-07-16,28502,,,,,,
2022-07-17,25172,,,,,,
2022-07-18,15617,,,,,,
2022-07-19,20652,,,,,,
2022-07-20,20435,,,,,,
2022-07-21,22196,,,,,,
2022-07-22,22888,,,,,,
2022-07-23,26680,,,,,,
2022-07-24,17463,,,,,,
2022-07-25,20100,,,,,,
2022-07-26,22151,,,,,,
2022-07-27,23078,,,,,,
2022-07-28,21878,,,,,,
2022-07-29,23264,,,,,,
2022-07-30,27918,,,,,,
2022-07-31,25467,,,,,,
2022-08-01,20989,,,,,,
2022-08-02,22412,,,,,,
2022-08-03,21216,,,,,,
2022-08-04,18303,,,,,,
2022-08-05,23982,,,,,,
2022-08-06,26163,,,,,,
2022-08-07,23198,,,,,,
2022-08-08,16574,,,,,,
2022-08-09,22557,,,,,,
2022-08-10,24332,,,,,,
2022-08-11,23987,,,,,,
2022-08-12,23842,,,,,,
2022-08-13,28756,,,,,,
2022-08-14,25554,,,,,,
2022-08-15,21935,,,,,,
2022-08-16,23605,,,,,,
2022-08-17,23252,,,,,,
2022-08-18,23137,,,,,,
2022-08-19,23236,,,,,,
2022-08-20,28118,,,,,,
2022-08-21,19755,,,,,,
2022-08-22,12801,,,,,,
2022-08-23,22909,,,,,,
2022-08-24,23408,,,,,,
2022-08-25,20526,,,,,,
2022-08-26,23353,,,,,,
2022-08-27,28151,,,,,,
2022-08-28,25403,,,,,,
2022-08-29,20968,,,,,,
2022-08-30,18270,,,,,,
2022-08-31,24458,,,,,,
2022-09-01,23451,,,,,,
2022-09-02,23124,,,,,,
2022-09-03,23960,,,,,,
2022-09-04,19896,,,,,,
2022-09-05,19806,,,,,,
2022-09-06,21910,,,,,,
2022-09-07,21324,,,,,,
2022-09-08,23355,,,,,,
2022-09-09,24255,,,,,,
2022-09-10,26963,,,,,,
2022-09-11,22362,,,,,,
2022-09-12,16449,,,,,,
2022-09-13,21423,,,,,,
2022-09-14,22481,,,,,,
2022-09-15,21094,,,,,,
2022-09-16,20115,,,,,,
2022-09-17,22642,,,,,,
2022-09-18,16130,,,,,,
2022-09-19,18566,,,,,,
2022-09-20,21653,,,,,,
2022-09-21,21001,,,,,,
2022-09-22,19124,,,,,,
2022-09-23,18488,,,,,,
2022-09-24,20318,,,,,,
2022-09-25,8856,,,,,,
2022-09-26,12827,,,,,,
2022-09-27,13408,,,,,,
2022-09-28,17889,,,,,,
2022-09-29,19289,,,,,,
2022-09-30,20658,,,,,,
2022-10-01,21435,,,,,,
2022-10-02,18381,,,,,,
2022-10-03,16721,,,,,,
2022-10-04,18580,,,,,,
2022-10-05,20577,,,,,,
2022-10-06,19213,,,,,,
2022-10-07,15919,,,,,,
2022-10-08,13255,,,,,,
2022-10-09,13082,,,,,,
2022-10-10,13689,,,,,,
2022-10-11,19253,,,,,,
2022-10-12,18696,,,,,,
2022-10-13,14675,,,,,,
2022-10-14,16979,,,,,,
2022-10-15,15177,,,,,,
2022-10-16,17840,,,,,,
2022-10-17,13414,,,,,,
2022-10-18,12413,,,,,,
2022-10-19,13065,,,,,,
2022-10-20,13344,,,,,,
2022-10-21,16157,,,,,,
2022-10-22,20531,,,,,,
2022-10-23,18808,,,,,,
2022-10-24,16671,,,,,,
2022-10-25,17351,,,,,,
2022-10-26,11315,,,,,,
2022-10-27,16454,,,,,,
2022-10-28,15655,,,,,,
2022-10-29,16770,,,,,,
2022-10-30,14224,,,,,,
2022-10-31,10107,,,,,,
2022-11-01,15591,,,,,,
2022-11-02,15486,,,,,,
2022-11-03,14335,,,,,,
2022-11-04,15994,,,,,,
2022-11-05,19384,,,,,,
2022-11-06,16002,,,,,,
2022-11-07,13104,,,,,,
2022-11-08,13783,,,,,,
2022-11-09,13810,,,,,,
2022-11-10,16090,,,,,,
2022-11-11,8942,,,,,,
2022-11-12,10866,,,,,,
2022-11-13,8478,,,,,,
2022-11-14,10669,,,,,,
2022-11-15,6887,,,,,,
2022-11-16,4202,,,,,,
2022-11-17,7075,,,,,,
2022-11-18,7526,,,,,,
2022-11-19,5935,,,,,,
2022-11-20,4485,,,,,,
2022-11-21,7372,,,,,,
2022-11-22,9943,,,,,,
2022-11-23,10995,,,,,,
2022-11-24,10803,,,,,,
2022-11-25,10471,,,,,,
2022-11-26,10529,,,,,,
2022-11-27,5357,,,,,,
2022-11-28,9422,,,,,,
2022-11-29,10618,,,,,,
2022-11-30,6075,,,,,,
2022-12-01,8150,,,,,,
2022-12-02,8649,,,,,,
2022-12-03,5899,,,,,,
2022-12-04,6606,,,,,,
2022-12-05,8461,,,,,,
2022-12-06,9621,,,,,,
2022-12-07,10335,,,,,,
2022-12-08,9946,,,,,,
2022-12-09,8218,,,,,,
2022-12-10,6258,,,,,,
2022-12-11,2483,,,,,,
2022-12-12,5647,,,,,,
2022-12-13,7054,,,,,,
2022-12-14,6304,,,,,,
2022-12-15,2637,,,,,,
2022-12-16,6869,,,,,,
2022-12-17,6245,,,,,,
2022-12-18,5334,,,,,,
2022-12-19,6313,,,,,,
2022-12-20,7633,,,,,,
2022-12-21,7495,,,,,,
2022-12-22,6821,,,,,,
2022-12-23,764,,,,,,
2022-12-24,853,,,,,,
2022-12-25,917,,,,,,
2022-12-26,1887,,,,,,
2022-12-27,3021,,,,,,
2022-12-28,4737,,,,,,
2022-12-29,6096,,,,,,
2022-12-30,5676,,,,,,
2022-12-31,3081,,,,,,
2023-01-01,3875,,,,,,
2023-01-02,5705,,,,,,
2023-01-03,5484,,,,,,
2023-01-04,3566,,,,,,
2023-01-05,6458,,,,,,
2023-01-06,7343,,,,,,
2023-01-07,6444,,,,,,
2023-01-08,5246,,,,,,
2023-01-09,7084,,,,,,
2023-01-10,8152,,,,,,
2023-01-11,7590,,,,,,
2023-01-12,6392,,,,,,
2023-01-13,3333,,,,,,
2023-01-14,3992,,,,,,
2023-01-15,4724,,,,,,
2023-01-16,6771,,,,,,
2023-01-17,6215,,,,,,
2023-01-18,8762,,,,,,
2023-01-19,5726,,,,,,
2023-01-20,7859,,,,,,
2023-01-21,7102,,,,,,
2023-01-22,4072,,,,,,
2023-01-23,6808,,,,,,
2023-01-24,8250,,,,,,
2023-01-25,3456,,,,,,
2023-01-26,3905,,,,,,
2023-01-27,5395,,,,,,
2023-01-28,5241,,,,,,
2023-01-29,3167,,,,,,
2023-01-30,5788,,,,,,
2023-01-31,6230,,,,,,
2023-02-01,5910,,,,,,
2023-02-02,6264,,,,,,
2023-02-03,3151,,,,,,
2023-02-04,2597,,,,,,
2023-02-05,5361,,,,,,
2023-02-06,6789,,,,,,
2023-02-07,8359,,,,,,
2023-02-08,9330,,,,,,
2023-02-09,3682,,,,,,
2023-02-10,8156,,,,,,
2023-02-11,7193,,,,,,
2023-02-12,8618,,,,,,
2023-02-13,8509,,,,,,
2023-02-14,10215,,,,,,
2023-02-15,10009,,,,,,
2023-02-16,7751,,,,,,
2023-02-17,5798,,,,,,
2023-02-18,6660,,,,,,
2023-02-19,8013,,,,,,
2023-02-20,7843,,,,,,
2023-02-21,7736,,,,,,
2023-02-22,4070,,,,,,
2023-02-23,1316,,,,,,
2023-02-24,3122,,,,,,
2023-02-25,2655,,,,,,
2023-02-26,4634,,,,,,
2023-02-27,3732,,,,,,
2023-02-28,5303,,,,,,
2023-03-01,6889,,,,,,
2023-03-02,7966,,,,,,
2023-03-03,5751,,,,,,
2023-03-04,2999,,,,,,
2023-03-05,5456,,,,,,
2023-03-06,6818,,,,,,
2023-03-07,7392,,,,,,
2023-03-08,8017,,,,,,
2023-03-09,8466,,,,,,
2023-03-10,3228,,,,,,
2023-03-11,4919,,,,,,
2023-03-12,4660,,,,,,
2023-03-13,5086,,,,,,
2023-03-14,6461,,,,,,
2023-03-15,8143,,,,,,
2023-03-16,9185,,,,,,
2023-03-17,6419,,,,,,
2023-03-18,5965,,,,,,
2023-03-19,4751,,,,,,
2023-03-20,8365,,,,,,
2023-03-21,10724,,,,,,
2023-03-22,9805,,,,,,
2023-03-23,8286,,,,,,
2023-03-24,10096,,,,,,
2023-03-25,3711,,,,,,
2023-03-26,11397,,,,,,
2023-03-27,7699,,,,,,
2023-03-28,11312,,,,,,
2023-03-29,8895,,,,,,
2023-03-30,9955,,,,,,
2023-03-31,5729,,,,,,
2023-04-01,9753,,,,,,
2023-04-02,9044,,,,,,
2023-04-03,11076,,,,,,
2023-04-04,10880,,,,,,
2023-04-05,5723,,,,,,
2023-04-06,12561,,,,,,
2023-04-07,10193,,,,,,
2023-04-08,9763,,,,,,
2023-04-09,10439,,,,,,
2023-04-10,12968,,,,,,
2023-04-11,15681,,,,,,
2023-04-12,19015,,,,,,
2023-04-13,19498,,,,,,
2023-04-14,19761,,,,,,
2023-04-15,22496,,,,,,
2023-04-16,18474,,,,,,
2023-04-17,9393,,,,,,
2023-04-18,10488,,,,,,
2023-04-19,12972,,,,,,
2023-04-20,13800,,,,,,
2023-04-21,15028,,,,,,
2023-04-22,8825,,,,,,
2023-04-23,12088,,,,,,
2023-04-24,10915,,,,,,
2023-04-25,14665,,,,,,
2023-04-26,14880,,,,,,
2023-04-27,17328,,,,,,
2023-04-28,10535,,,,,,
2023-04-29,6311,,,,,,
2023-04-30,5793,,,,,,
2023-05-01,11663,,,,,,
2023-05-02,9702,,,,,,
2023-05-03,8487,,,,,,
2023-05-04,15544,,,,,,
2023-05-05,17126,,,,,,
2023-05-06,22308,,,,,,
2023-05-07,9549,,,,,,
2023-05-08,17689,,,,,,
2023-05-09,18163,,,,,,
2023-05-10,20334,,,,,,
2023-05-11,21754,,,,,,
2023-05-12,22371,,,,,,
2023-05-13,25373,,,,,,
2023-05-14,19256,,,,,,
2023-05-15,19449,,,,,,
2023-05-16,20194,,,,,,
2023-05-17,18103,,,,,,
2023-05-18,18546,,,,,,
2023-05-19,17809,,,,,,
2023-05-20,11232,,,,,,
2023-05-21,22474,,,,,,
2023-05-22,19369,,,,,,
2023-05-23,20574,,,,,,
2023-05-24,19416,,,,,,
2023-05-25,20206,,,,,,
2023-05-26,21698,,,,,,
2023-05-27,25907,,,,,,
2023-05-28,24664,,,,,,
2023-05-29,21779,,,,,,
2023-05-30,23803,,,,,,
2023-05-31,24675,,,,,,
2023-06-01,24139,,,,,,
2023-06-02,21591,,,,,,
2023-06-03,25335,,,,,,
2023-06-04,23150,,,,,,
2023-06-05,21095,,,,,,
2023-06-06,23357,,,,,,
2023-06-07,21939,,,,,,
2023-06-08,18374,,,,,,
2023-06-09,19353,,,,,,
2023-06-10,27482,,,,,,
2023-06-11,17545,,,,,,
2023-06-12,8585,,,,,,
2023-06-13,18706,,,,,,
2023-06-14,21083,,,,,,
2023-06-15,21030,,,,,,
2023-06-16,22711,,,,,,
2023-06-17,28441,,,,,,
2023-06-18,23802,,,,,,
2023-06-19,22443,,,,,,
2023-06-20,25470,,,,,,
2023-06-21,26358,,,,,,
2023-06-22,25718,,,,,,
2023-06-23,18785,,,,,,
2023-06-24,22691,,,,,,
2023-06-25,26431,,,,,,
2023-06-26,19463,,,,,,
2023-06-27,18520,,,,,,
2023-06-28,22772,,,,,,
2023-06-29,25779,,,,,,
2023-06-30,21543,,,,,,
2023-07-01,23046,,,,,,
2023-07-02,14933,,,,,,
2023-07-03,22067,,,,,,
2023-07-04,24986,,,,,,
2023-07-05,24558,,,,,,
2023-07-06,21942,,,,,,
2023-07-07,25438,,,,,,
2023-07-08,24194,,,,,,
2023-07-09,23907,,,,,,
2023-07-10,24005,,,,,,
2023-07-11,21251,,,,,,
2023-07-12,26160,,,,,,
2023-07-13,24085,,,,,,
2023-07-14,27068,,,,,,
2023-07-15,19854,,,,,,
2023-07-16,23595,,,,,,
2023-07-17,22525,,,,,,
2023-07-18,25958,,,,,,
2023-07-19,27756,,,,,,
2023-07-20,23026,,,,,,
2023-07-21,25912,,,,,,
2023-07-22,27063,,,,,,
2023-07-23,20771,,,,,,
2023-07-24,21345,,,,,,
2023-07-25,25741,,,,,,
2023-07-26,24026,,,,,,
2023-07-27,25326,,,,,,
2023-07-28,25817,,,,,,
2023-07-29,18660,,,,,,
2023-07-30,26491,,,,,,
2023-07-31,24418,,,,,,
2023-08-01,26918,,,,,,
2023-08-02,27503,,,,,,
2023-08-03,25441,,,,,,
2023-08-04,25038,,,,,,
2023-08-05,27960,,,,,,
2023-08-06,20872,,,,,,
2023-08-07,16289,,,,,,
2023-08-08,24067,,,,,,
2023-08-09,26382,,,,,,
2023-08-10,25318,,,,,,
2023-08-11,27010,,,,,,
2023-08-12,23641,,,,,,
2023-08-13,25093,,,,,,
2023-08-14,23121,,,,,,
2023-08-15,22179,,,,,,
2023-08-16,26795,,,,,,
2023-08-17,25144,,,,,,
2023-08-18,22495,,,,,,
2023-08-19,27284,,,,,,
2023-08-20,24347,,,,,,
2023-08-21,23491,,,,,,
2023-08-22,26892,,,,,,
2023-08-23,19626,,,,,,
2023-08-24,23039,,,,,,
2023-08-25,25112,,,,,,
2023-08-26,23055,,,,,,
2023-08-27,25168,,,,,,
2023-08-28,24024,,,,,,
2023-08-29,26227,,,,,,
2023-08-30,24787,,,,,,
2023-08-31,25823,,,,,,
2023-09-01,24642,,,,,,
2023-09-02,23480,,,,,,
2023-09-03,25343,,,,,,
2023-09-04,22413,,,,,,
2023-09-05,24217,,,,,,
2023-09-06,25088,,,,,,
2023-09-07,25264,,,,,,
2023-09-08,25382,,,,,,
2023-09-09,24804,,,,,,
2023-09-10,24393,,,,,,
2023-09-11,25558,,,,,,
2023-09-12,22609,,,,,,
2023-09-13,26559,,,,,,
2023-09-14,26950,,,,,,
2023-09-15,25906,,,,,,
2023-09-16,28669,,,,,,
2023-09-17,24888,,,,,,
2023-09-18,22749,,,,,,
2023-09-19,26760,,,,,,
2023-09-20,26417,,,,,,
2023-09-21,26789,,,,,,
2023-09-22,26081,,,,,,
2023-09-23,26527,,,,,,
2023-09-24,23274,,,,,,
2023-09-25,23720,,,,,,
2023-09-26,25983,,,,,,
2023-09-27,25897,,,,,,
2023-09-28,24179,,,,,,
2023-09-29,25057,,,,,,
2023-09-30,24705,,,,,,
2023-10-01,22775,,,,,,
2023-10-02,23907,,,,,,
2023-10-03,26310,,,,,,
2023-10-04,27219,,,,,,
2023-10-05,23172,,,,,,
2023-10-06,22455,,,,,,
2023-10-07,18081,,,,,,
2023-10-08,9378,,,,,,
2023-10-09,10071,,,,,,
2023-10-10,17224,,,,,,
2023-10-11,21200,,,,,,
2023-10-12,22233,,,,,,
2023-10-13,21443,,,,,,
2023-10-14,18422,,,,,,
2023-10-15,17292,,,,,,
2023-10-16,17847,,,,,,
2023-10-17,22353,,,,,,
2023-10-18,22111,,,,,,
2023-10-19,22253,,,,,,
2023-10-20,15963,,,,,,
2023-10-21,17665,,,,,,
2023-10-22,14934,,,,,,
2023-10-23,18282,,,,,,
2023-10-24,22728,,,,,,
2023-10-25,20637,,,,,,
2023-10-26,18392,,,,,,
2023-10-27,22926,,,,,,
2023-10-28,20777,,,,,,
2023-10-29,12147,,,,,,
2023-10-30,13971,,,,,,
2023-10-31,16907,,,,,,
2023-11-01,16287,,,,,,
2023-11-02,16702,,,,,,
2023-11-03,16686,,,,,,
2023-11-04,15495,,,,,,
2023-11-05,13839,,,,,,
2023-11-06,11634,,,,,,
2023-11-07,15399,,,,,,
2023-11-08,9217,,,,,,
2023-11-09,14900,,,,,,
2023-11-10,14860,,,,,,
2023-11-11,12255,,,,,,
2023-11-12,11155,,,,,,
2023-11-13,14653,,,,,,
2023-11-14,15777,,,,,,
2023-11-15,16728,,,,,,
2023-11-16,17000,,,,,,
2023-11-17,12920,,,,,,
2023-11-18,13382,,,,,,
2023-11-19,10251,,,,,,
2023-11-20,11760,,,,,,
2023-11-21,8022,,,,,,
2023-11-22,13173,,,,,,
2023-11-23,14680,,,,,,
2023-11-24,12091,,,,,,
2023-11-25,10277,,,,,,
2023-11-26,8434,,,,,,
2023-11-27,10473,,,,,,
2023-11-28,11098,,,,,,
2023-11-29,10852,,,,,,
2023-11-30,13873,,,,,,
2023-12-01,7697,,,,,,
2023-12-02,8311,,,,,,
2023-12-03,6903,,,,,,
2023-12-04,10695,,,,,,
2023-12-05,11696,,,,,,
2023-12-06,12255,,,,,,
2023-12-07,11661,,,,,,
2023-12-08,12130,,,,,,
2023-12-09,10392,,,,,,
2023-12-10,9150,,,,,,
2023-12-11,10340,,,,,,
2023-12-12,11369,,,,,,
2023-12-13,11377,,,,,,
2023-12-14,11502,,,,,,
2023-12-15,12981,,,,,,
2023-12-16,9297,,,,,,
2023-12-17,4497,,,,,,
2023-12-18,7604,,,,,,
2023-12-19,8769,,,,,,
2023-12-20,10604,,,,,,
2023-12-21,8532,,,,,,
2023-12-22,7820,,,,,,
2023-12-23,3698,,,,,,
2023-12-24,4920,,,,,,
2023-12-25,3132,,,,,,
2023-12-26,3959,,,,,,
2023-12-27,3658,,,,,,
2023-12-28,5005,,,,,,
2023-12-29,5819,,,,,,
2023-12-30,6227,,,,,,
2023-12-31,5115,,,,,,
2024-01-01,3157,2768,389,2543,225,342,47
2024-01-02,6623,6143,480,5822,321,432,48
2024-01-03,7906,7367,539,6989,378,504,35
2024-01-04,7366,6802,564,6467,335,530,34
2024-01-05,7419,6861,558,6599,262,534,24
2024-01-06,5088,4651,437,4513,138,426,11
2024-01-07,2911,2672,239,2556,116,225,14
2024-01-08,7468,7027,441,6758,269,421,20
2024-01-09,4313,4146,167,4018,128,164,3
2024-01-10,8868,8405,463,8109,296,444,19
2024-01-11,7667,7221,446,6957,264,426,20
2024-01-12,7069,6626,443,6372,254,423,20
2024-01-13,4670,4307,363,4104,203,348,15
2024-01-14,4071,3764,307,3560,204,297,10
2024-01-15,5827,5555,272,5359,196,259,13
2024-01-16,4688,4464,224,4345,119,216,8
2024-01-17,5509,5270,239,5154,116,235,4
2024-01-18,7020,6614,406,6476,138,391,15
2024-01-19,6342,5933,409,5739,194,397,12
2024-01-20,4435,3965,470,3880,85,462,8
2024-01-21,5140,4609,531,4480,129,522,9
2024-01-22,6521,6163,358,5881,282,337,21
2024-01-23,5606,5275,331,4995,280,316,15
2024-01-24,6299,5927,372,5617,310,350,22
2024-01-25,9161,8602,559,8162,440,521,38
2024-01-26,8142,7516,626,7132,384,590,36
2024-01-27,7812,6785,1027,6346,439,968,59
2024-01-28,6603,5951,652,5600,351,604,48
2024-01-29,9658,8979,679,8410,569,629,50
2024-01-30,10499,9750,749,9116,634,680,69
2024-01-31,11021,10284,737,9669,615,670,67
2024-02-01,10721,9954,767,9750,204,736,31
2024-02-02,10047,9107,940,8755,352,894,46
2024-02-03,8851,7587,1264,7213,374,1208,56
2024-02-04,7925,6751,1174,6438,313,1110,64
2024-02-05,9930,9215,715,8742,473,663,52
2024-02-06,11167,10288,879,9840,448,815,64
2024-02-07,11129,10412,717,10069,343,678,39
2024-02-08,11390,10557,833,10349,208,798,35
2024-02-09,12367,11014,1353,10721,293,1311,42
2024-02-10,10367,8596,1771,8358,238,1722,49
2024-02-11,7823,6887,936,6603,284,896,40
2024-02-12,10039,9326,713,9046,280,685,28
2024-02-13,10224,9617,607,9266,351,579,28
2024-02-14,9754,8976,778,8621,355,743,35
2024-02-15,5545,5247,298,5087,160,287,11
2024-02-16,5857,5461,396,5233,228,374,22
2024-02-17,5168,4727,441,4498,229,419,22
2024-02-18,4536,4135,401,3961,174,382,19
2024-02-19,4571,4065,506,3883,182,493,13
2024-02-20,9403,8717,686,8296,421,646,40
2024-02-21,11045,10169,876,9766,403,826,50
2024-02-22,11936,10783,1153,10173,610,1063,90
2024-02-23,10501,9399,1102,8664,735,1012,90
2024-02-24,6255,5606,649,5239,367,605,44
2024-02-25,6892,6129,763,5889,240,732,31
2024-02-26,11258,10209,1049,9630,579,977,72
2024-02-27,9026,8368,658,7958,410,623,35
2024-02-28,9224,8579,645,8123,456,594,51
2024-02-29,8823,8292,531,7878,414,493,38
2024-03-01,11604,10493,1111,10163,330,1081,30
2024-03-02,8817,7713,1104,7505,208,1059,45
2024-03-03,8560,7377,1183,7153,224,1139,44
2024-03-04,12829,11515,1314,11226,289,1262,52
2024-03-05,12052,10918,1134,10452,466,1075,59
2024-03-06,11867,10917,950,10500,417,896,54
2024-03-07,13919,12608,1311,12024,584,1234,77
2024-03-08,12127,10942,1185,10524,418,1123,62
2024-03-09,6803,6071,732,5844,227,706,26
2024-03-10,5866,5252,614,5019,233,594,20
2024-03-11,10848,9944,904,9476,468,839,65
2024-03-12,14583,13003,1580,12559,444,1504,76
2024-03-13,18048,15017,3031,14576,441,2938,93
2024-03-14,8947,8154,793,7791,363,738,55
2024-03-15,12814,11256,1558,10675,581,1452,106
2024-03-16,9865,8393,1472,7933,460,1397,75
2024-03-17,7754,6834,920,6675,159,892,28
2024-03-18,9284,8715,569,8319,396,521,48
2024-03-19,8422,7984,438,7562,422,408,30
2024-03-20,9050,8547,503,8108,439,478,25
2024-03-21,9394,8849,545,8432,417,497,48
2024-03-22,4569,4347,222,4163,184,208,14
2024-03-23,4797,4355,442,4188,167,424,18
2024-03-24,6293,5658,635,5546,112,613,22
2024-03-25,10598,9822,776,9452,370,732,44
2024-03-26,10151,9467,684,8967,500,633,51
2024-03-27,12461,11519,942,10899,620,868,74
2024-03-28,13653,12268,1385,11726,542,1308,77
2024-03-29,8230,6850,1380,6589,261,1322,58
2024-03-30,9544,7846,1698,7712,134,1668,30
2024-03-31,8864,6949,1915,6732,217,1882,33
2024-04-01,11660,10202,1458,9716,486,1377,81
2024-04-02,9606,8975,631,8189,786,549,82
2024-04-03,3851,3682,169,3314,368,147,22
2024-04-04,8557,8096,461,7141,955,368,93
2024-04-05,11367,10431,936,9189,1242,781,155
2024-04-06,14782,11886,2896,10524,1362,2550,346
2024-04-07,15661,11327,4334,9999,1328,3854,480
2024-04-08,13239,11539,1700,10078,1461,1414,286
2024-04-09,17453,15079,2374,13098,1981,1977,397
2024-04-10,19168,16275,2893,13960,2315,2435,458
2024-04-11,6408,5933,475,5134,799,368,107
2024-04-12,8279,7616,663,6557,1059,546,117
2024-04-13,11900,9945,1955,8645,1300,1657,298
2024-04-14,15092,11273,3819,9286,1987,3122,697
2024-04-15,16958,14353,2605,11885,2468,2055,550
2024-04-16,19394,16617,2777,14056,2561,2233,544
2024-04-17,7696,7087,609,6090,997,484,125
2024-04-18,15706,13968,1738,11533,2435,1332,406
2024-04-19,15216,12974,2242,10618,2356,1752,490
2024-04-20,11494,9564,1930,7910,1654,1538,392
2024-04-21,11936,9810,2126,7886,1924,1664,462
2024-04-22,16996,14533,2463,11687,2846,1872,591
2024-04-23,15396,13849,1547,11175,2674,1139,408
2024-04-24,16978,14853,2125,12038,2815,1578,547
2024-04-25,16736,14496,2240,11602,2894,1653,587
2024-04-26,17599,14608,2991,11723,2885,2263,728
2024-04-27,10631,8607,2024,7094,1513,1569,455
2024-04-28,12171,9505,2666,7802,1703,2083,583
2024-04-29,14668,12896,1772,10340,2556,1305,467
2024-04-30,17190,14875,2315,12168,2707,1767,548
2024-05-01,19216,16268,2948,13307,2961,2297,651
2024-05-02,22469,18220,4249,14869,3351,3323,926
2024-05-03,13848,11893,1955,9511,2382,1498,457
2024-05-04,22376,15697,6679,12547,3150,5258,1421
2024-05-05,15503,11451,4052,9066,2385,3099,953
2024-05-06,20438,16648,3790,13360,3288,2835,955
2024-05-07,22217,18446,3771,14968,3478,2903,868
2024-05-08,21421,17893,3528,14445,3448,2624,904
2024-05-09,20881,17647,3234,14026,3621,2438,796
2024-05-10,20708,16994,3714,13426,3568,2727,987
2024-05-11,15972,12333,3639,9735,2598,2808,831
2024-05-12,18691,13391,5300,10685,2706,4100,1200
2024-05-13,18367,15179,3188,12005,3174,2202,986
2024-05-14,22189,18313,3876,14855,3458,2876,1000
2024-05-15,23150,19118,4032,15693,3425,3129,903
2024-05-16,24676,19716,4960,15960,3756,3812,1148
2024-05-17,20714,13993,6721,11521,2472,5813,908
2024-05-18,25189,15972,9217,13045,2927,7675,1542
2024-05-19,25901,15156,10745,12396,2760,8863,1882
2024-05-20,25619,15148,10471,12832,2316,8825,1646
2024-05-21,25691,20392,5299,16977,3415,4110,1189
2024-05-22,26017,20884,5133,17478,3406,3972,1161
2024-05-23,27468,21706,5762,18048,3658,4461,1301
2024-05-24,26731,20325,6406,17089,3236,5161,1245
2024-05-25,18412,12951,5461,10855,2096,4302,1159
2024-05-26,27432,17912,9520,14877,3035,7767,1753
2024-05-27,16739,13707,3032,11717,1990,2390,642
2024-05-28,18088,15368,2720,12754,2614,2060,660
2024-05-29,26617,21509,5108,17720,3789,3886,1222
2024-05-30,26846,21416,5430,17871,3545,4300,1130
2024-05-31,26806,20555,6251,17254,3301,4961,1290
2024-06-01,28190,18618,9572,15818,2800,7924,1648
2024-06-02,15834,11585,4249,9699,1886,3330,919
2024-06-03,23624,18947,4677,15473,3474,3511,1166
2024-06-04,28553,22787,5766,18921,3866,4447,1319
2024-06-05,26527,21430,5097,18017,3413,3952,1145
2024-06-06,28096,22246,5850,18809,3437,4597,1253
2024-06-07,20975,16912,4063,14014,2898,2998,1065
2024-06-08,23444,16086,7358,13221,2865,5680,1678
2024-06-09,18735,13813,4922,11245,2568,3744,1178
2024-06-10,22059,18358,3701,14793,3565,2678,1023
2024-06-11,26094,21242,4852,17241,4001,3616,1236
2024-06-12,28899,22973,5926,19152,3821,4652,1274
2024-06-13,28692,22543,6149,18747,3796,4819,1330
2024-06-14,28585,21510,7075,18115,3395,5654,1421
2024-06-15,30599,19499,11100,16729,2770,9388,1712
2024-06-16,25536,16824,8712,14237,2587,7153,1559
2024-06-17,26604,20568,6036,17184,3384,4527,1509
2024-06-18,25754,19656,6098,16431,3225,4770,1328
2024-06-19,31571,23446,8125,19743,3703,6536,1589
2024-06-20,24371,19153,5218,16423,2730,4187,1031
2024-06-21,25355,19297,6058,16141,3156,4701,1357
2024-06-22,23191,15960,7231,13518,2442,5831,1400
2024-06-23,24505,16437,8068,13526,2911,6229,1839
2024-06-24,28231,21543,6688,18111,3432,5212,1476
2024-06-25,29372,22794,6578,19258,3536,5225,1353
2024-06-26,24582,19149,5433,16080,3069,4230,1203
2024-06-27,30957,23242,7715,20060,3182,6234,1481
2024-06-28,26727,19666,7061,16908,2758,5677,1384
2024-06-29,17466,11866,5600,10098,1768,4512,1088
2024-06-30,23740,15107,8633,12679,2428,7121,1512
2024-07-01,29209,16602,12607,14544,2058,10700,1907
2024-07-02,27063,21022,6041,18704,2318,5106,935
2024-07-03,28544,21720,6824,19051,2669,5570,1254
2024-07-04,30357,22667,7690,19783,2884,6400,1290
2024-07-05,25427,18613,6814,16065,2548,5520,1294
2024-07-06,29998,19141,10857,16539,2602,8950,1907
2024-07-07,29186,18701,10485,16128,2573,8461,2024
2024-07-08,28231,21335,6896,18309,3026,5500,1396
2024-07-09,31052,23578,7474,20045,3533,5861,1613
2024-07-10,17187,13554,3633,11461,2093,2750,883
2024-07-11,29385,22609,6776,18921,3688,5143,1633
2024-07-12,23225,17624,5601,14635,2989,4192,1409
2024-07-13,33814,20849,12965,17297,3552,10233,2732
2024-07-14,26648,17120,9528,14434,2686,7600,1928
2024-07-15,20555,15736,4819,12933,2803,3578,1241
2024-07-16,26981,19591,7390,16760,2831,5742,1648
2024-07-17,32563,24353,8210,20868,3485,6597,1613
2024-07-18,33803,24826,8977,21508,3318,7339,1638
2024-07-19,32510,22967,9543,19858,3109,7841,1702
2024-07-20,33644,20557,13087,17700,2857,10902,2185
2024-07-21,29501,18669,10832,16052,2617,8822,2010
2024-07-22,28508,21189,7319,18241,2948,5707,1612
2024-07-23,33178,24600,8578,20766,3834,6618,1960
2024-07-24,28451,21658,6793,18411,3247,5236,1557
2024-07-25,30018,22085,7933,18653,3432,6180,1753
2024-07-26,32609,22980,9629,19616,3364,7628,2001
2024-07-27,33735,20456,13279,17563,2893,10827,2452
2024-07-28,30226,18464,11762,15798,2666,9453,2309
2024-07-29,29099,21422,7677,18317,3105,6044,1633
2024-07-30,30356,22909,7447,19654,3255,5922,1525
2024-07-31,31309,23599,7710,19929,3670,5909,1801
2024-08-01,31548,23624,7924,20097,3527,6241,1683
2024-08-02,27764,19993,7771,16922,3071,6051,1720
2024-08-03,30726,17955,12771,15121,2834,10324,2447
2024-08-04,27797,16291,11506,13457,2834,8925,2581
2024-08-05,18125,11399,6726,9467,1932,5310,1416
2024-08-06,24717,18608,6109,15469,3139,4472,1637
2024-08-07,33637,24976,8661,20986,3990,6624,2037
2024-08-08,31416,23415,8001,19962,3453,6254,1747
2024-08-09,26402,18912,7490,15800,3112,5756,1734
2024-08-10,31431,19537,11894,16229,3308,9119,2775
2024-08-11,25303,16404,8899,13691,2713,6818,2081
2024-08-12,28359,21088,7271,17852,3236,5499,1772
2024-08-13,32762,24285,8477,20366,3919,6384,2093
2024-08-14,33799,24916,8883,21153,3763,6827,2056
2024-08-15,34143,24638,9505,21230,3408,7622,1883
2024-08-16,27257,19685,7572,16691,2994,5997,1575
2024-08-17,23250,15789,7461,13204,2585,5692,1769
2024-08-18,23507,15397,8110,12534,2863,5966,2144
2024-08-19,26807,20078,6729,16714,3364,5086,1643
2024-08-20,31144,23258,7886,19369,3889,5946,1940
2024-08-21,31583,23465,8118,20054,3411,6445,1673
2024-08-22,33638,24062,9576,20520,3542,7631,1945
2024-08-23,31122,21955,9167,18579,3376,7295,1872
2024-08-24,31400,19114,12286,16502,2612,10222,2064
2024-08-25,30323,18699,11624,16159,2540,9404,2220
2024-08-26,29468,21526,7942,18731,2795,6386,1556
2024-08-27,32505,23758,8747,20655,3103,7202,1545
2024-08-28,28726,21566,7160,18823,2743,5792,1368
2024-08-29,31631,23204,8427,20049,3155,6799,1628
2024-08-30,29277,20784,8493,17828,2956,6778,1715
2024-08-31,27587,16860,10727,14500,2360,8778,1949
2024-09-01,29508,16968,12540,14845,2123,10466,2074
2024-09-02,27284,15849,11435,14215,1634,10031,1404
2024-09-03,29209,22420,6789,19696,2724,5538,1251
2024-09-04,32056,24416,7640,21565,2851,6355,1285
2024-09-05,33560,25250,8310,22317,2933,6953,1357
2024-09-06,25854,19506,6348,16724,2782,4959,1389
2024-09-07,24245,17017,7228,14275,2742,5638,1590
2024-09-08,24445,16693,7752,14104,2589,5986,1766
2024-09-09,26103,20346,5757,17099,3247,4217,1540
2024-09-10,33724,25289,8435,21384,3905,6518,1917
2024-09-11,33490,25256,8234,21907,3349,6443,1791
2024-09-12,33320,25362,7958,21733,3629,6211,1747
2024-09-13,31685,23275,8410,19578,3697,6265,2145
2024-09-14,31752,20142,11610,17022,3120,9195,2415
2024-09-15,28980,18955,10025,16336,2619,7970,2055
2024-09-16,30363,23069,7294,19641,3428,5524,1770
2024-09-17,34258,26026,8232,21774,4252,6152,2080
2024-09-18,34321,26024,8297,21954,4070,6293,2004
2024-09-19,35406,26311,9095,22260,4051,6980,2115
2024-09-20,33732,23980,9752,20324,3656,7629,2123
2024-09-21,29182,18728,10454,16004,2724,8398,2056
2024-09-22,27718,18342,9376,15735,2607,7424,1952
2024-09-23,23983,18638,5345,15835,2803,3973,1372
2024-09-24,22708,18170,4538,15352,2818,3342,1196
2024-09-25,31420,24412,7008,20125,4287,5032,1976
2024-09-26,34343,25858,8485,21867,3991,6482,2003
2024-09-27,32839,23786,9053,20225,3561,7049,2004
2024-09-28,27917,18463,9454,15605,2858,7353,2101
2024-09-29,28045,18363,9682,15530,2833,7426,2256
2024-09-30,30188,22601,7587,19349,3252,5844,1743
2024-10-01,30267,23562,6705,20012,3550,5027,1678
2024-10-02,31948,24983,6965,21366,3617,5305,1660
2024-10-03,32170,24793,7377,20888,3905,5487,1890
2024-10-04,26908,20307,6601,17228,3079,5031,1570
2024-10-05,32580,20637,11943,17515,3122,9513,2430
2024-10-06,25977,17443,8534,15213,2230,7021,1513
2024-10-07,26877,21221,5656,18160,3061,4225,1431
2024-10-08,26120,20817,5303,17501,3316,3886,1417
2024-10-09,25955,20848,5107,17342,3506,3741,1366
2024-10-10,27716,21882,5834,18208,3674,4170,1664
2024-10-11,26551,19820,6731,16467,3353,5004,1727
2024-10-12,21963,14715,7248,12134,2581,5357,1891
2024-10-13,14385,10314,4071,8391,1923,2850,1221
2024-10-14,13315,9494,3821,7725,1769,2666,1155
2024-10-15,23553,19069,4484,15742,3327,3146,1338
2024-10-16,25247,20437,4810,16786,3651,3314,1496
2024-10-17,26432,20911,5521,17269,3642,3868,1653
2024-10-18,27513,20894,6619,17023,3871,4645,1974
2024-10-19,27979,18439,9540,15279,3160,7291,2249
2024-10-20,29941,18489,11452,16166,2323,9603,1849
2024-10-21,28016,21481,6535,18167,3314,4784,1751
2024-10-22,30113,23309,6804,19595,3714,5043,1761
2024-10-23,28752,22720,6032,19233,3487,4535,1497
2024-10-24,26974,21722,5252,18124,3598,3838,1414
2024-10-25,23919,19082,4837,15635,3447,3437,1400
2024-10-26,20952,15605,5347,12886,2719,3996,1351
2024-10-27,18554,13754,4800,11508,2246,3511,1289
2024-10-28,19877,16606,3271,13603,3003,2306,965
2024-10-29,19606,16398,3208,13547,2851,2235,973
2024-10-30,27855,22377,5478,18418,3959,3795,1683
2024-10-31,26006,20849,5157,17268,3581,3662,1495
2024-11-01,21245,17191,4054,14614,2577,3092,962
2024-11-02,18287,13872,4415,11612,2260,3325,1090
2024-11-03,16336,12526,3810,10214,2312,2613,1197
2024-11-04,21156,17793,3363,14572,3221,2261,1102
2024-11-05,27783,22492,5291,18573,3919,3716,1575
2024-11-06,26357,21293,5064,18028,3265,3697,1367
2024-11-07,25589,20875,4714,17563,3312,3496,1218
2024-11-08,22362,18165,4197,14760,3405,3008,1189
2024-11-09,19159,14657,4502,11813,2844,3277,1225
2024-11-10,9207,7483,1724,5911,1572,1161,563
2024-11-11,16997,14411,2586,11531,2880,1687,899
2024-11-12,20262,17266,2996,14060,3206,2004,992
2024-11-13,19160,16525,2635,13759,2766,1815,820
2024-11-14,19070,16104,2966,13388,2716,2155,811
2024-11-15,20227,16793,3434,13908,2885,2463,971
2024-11-16,17780,13833,3947,11373,2460,2965,982
2024-11-17,14942,11917,3025,9774,2143,2178,847
2024-11-18,20936,17767,3169,14328,3439,2139,1030
2024-11-19,18362,15695,2667,12546,3149,1748,919
2024-11-20,18125,15711,2414,13026,2685,1715,699
2024-11-21,18492,15864,2628,13407,2457,1960,668
2024-11-22,17251,14661,2590,12425,2236,1963,627
2024-11-23,15463,12478,2985,10369,2109,2266,719
2024-11-24,14845,11609,3236,9590,2019,2397,839
2024-11-25,15867,13856,2011,11237,2619,1316,695
2024-11-26,17582,15327,2255,12597,2730,1547,708
2024-11-27,18189,15770,2419,13472,2298,1841,578
2024-11-28,17921,15525,2396,13687,1838,1904,492
2024-11-29,15339,13362,1977,11381,1981,1455,522
2024-11-30,11357,9646,1711,8305,1341,1339,372
2024-12-01,9578,8275,1303,7284,991,1055,248
2024-12-02,13621,12207,1414,11328,879,1260,154
2024-12-03,14943,13272,1671,12701,571,1552,119
2024-12-04,10118,9016,1102,8650,366,1032,70
2024-12-05,11413,10295,1118,9999,296,1066,52
2024-12-06,10348,9286,1062,9007,279,999,63
2024-12-07,7509,6594,915,6464,130,886,29
2024-12-08,9842,8436,1406,8104,332,1324,82
2024-12-09,8972,8118,854,7890,228,813,41
2024-12-10,11208,10016,1192,9747,269,1126,66
2024-12-11,12926,11504,1422,10961,543,1297,125
2024-12-12,9926,8999,927,8582,417,847,80
2024-12-13,9492,8553,939,8345,208,904,35
2024-12-14,7990,6982,1008,6767,215,968,40
2024-12-15,6807,5948,859,5736,212,819,40
2024-12-16,8708,7912,796,7822,90,781,15
2024-12-17,13159,11594,1565,11470,124,1538,27
2024-12-18,11502,10209,1293,10127,82,1269,24
2024-12-19,11399,10199,1200,9941,258,1153,47
2024-12-20,5684,5198,486,5090,108,467,19
2024-12-21,4001,3679,322,3557,122,308,14
2024-12-22,3419,3133,286,3006,127,266,20
2024-12-23,3566,3316,250,3220,96,231,19
2024-12-24,3257,2995,262,2877,118,248,14
2024-12-25,1651,1476,175,1448,28,170,5
2024-12-26,3317,3039,278,2952,87,266,12
2024-12-27,5308,4781,527,4670,111,513,14
2024-12-28,6211,5216,995,5021,195,953,42
2024-12-29,2614,2303,311,2207,96,291,20
2024-12-30,6368,5697,671,5470,227,622,49
2024-12-31,7090,6070,1020,5887,183,980,40
2025-01-01,4144,3514,630,3319,195,580,50
2025-01-02,6779,6233,546,5941,292,506,40
2025-01-03,7005,6301,704,6037,264,645,59
2025-01-04,5267,4752,515,4540,212,474,41
2025-01-05,5184,4706,478,4511,195,443,35
2025-01-06,7480,6999,481,6794,205,448,33
2025-01-07,8325,7760,565,7547,213,538,27
2025-01-08,7689,7176,513,6925,251,473,40
2025-01-09,8075,7478,597,7218,260,557,40
2025-01-10,7661,7065,596,6729,336,543,53
2025-01-11,3365,3065,300,2913,152,283,17
2025-01-12,4975,4567,408,4313,254,382,26
2025-01-13,7101,6586,515,6272,314,472,43
2025-01-14,8065,7525,540,7297,228,517,23
2025-01-15,8166,7566,600,7416,150,583,17
2025-01-16,5939,5528,411,5198,330,373,38
2025-01-17,8005,7321,684,6944,377,609,75
2025-01-18,4870,4404,466,4123,281,408,58
2025-01-19,4645,4246,399,4004,242,346,53
2025-01-20,5910,5515,395,5226,289,348,47
2025-01-21,5871,5526,345,5356,170,326,19
2025-01-22,5748,5421,327,5134,287,310,17
2025-01-23,7639,7055,584,6641,414,538,46
2025-01-24,7253,6709,544,6441,268,501,43
2025-01-25,5691,5193,498,4938,255,479,19
2025-01-26,5771,5178,593,4899,279,535,58
2025-01-27,7548,7055,493,6713,342,446,47
2025-01-28,5952,5562,390,5350,212,362,28
2025-01-29,6448,6038,410,5675,363,366,44
2025-01-30,8282,7630,652,7146,484,581,71
2025-01-31,8093,7462,631,6935,527,563,68
2025-02-01,5218,4726,492,4455,271,448,44
2025-02-02,4075,3747,328,3568,179,303,25
2025-02-03,6536,6131,405,5858,273,374,31
2025-02-04,8165,7606,559,7279,327,519,40
2025-02-05,8374,7828,546,7502,326,511,35
2025-02-06,5986,5618,368,5398,220,343,25
2025-02-07,7129,6578,551,6336,242,526,25
2025-02-08,5362,4869,493,4657,212,462,31
2025-02-09,3031,2827,204,2684,143,175,29
2025-02-10,6652,6243,409,6011,232,363,46
2025-02-11,7948,7412,536,7158,254,511,25
2025-02-12,5211,4874,337,4668,206,313,24
2025-02-13,1365,1268,97,1204,64,86,11
2025-02-14,2941,2721,220,2591,130,204,16
2025-02-15,1198,1106,92,1049,57,82,10
2025-02-16,164,149,15,138,11,14,1
2025-02-17,509,475,34,451,24,27,7
2025-02-18,1403,1326,77,1296,30,72,5
2025-02-19,1730,1624,106,1574,50,101,5
2025-02-20,1921,1802,119,1778,24,111,8
2025-02-21,2383,2218,165,2207,11,159,6
2025-02-22,2119,1930,189,1879,51,181,8
2025-02-23,2505,2294,211,2166,128,193,18
2025-02-24,5396,5027,369,4758,269,342,27
2025-02-25,7183,6588,595,6319,269,563,32
2025-02-26,8031,7334,697,7123,211,651,46
2025-02-27,6409,5861,548,5718,143,525,23
2025-02-28,6726,6197,529,5964,233,500,29
2025-03-01,4532,4133,399,4047,86,389,10
2025-03-02,3950,3639,311,3509,130,290,21
2025-03-03,7672,7079,593,6771,308,542,51
2025-03-04,8949,8169,780,7863,306,733,47
2025-03-05,6087,5582,505,5368,214,458,47
2025-03-06,8025,7409,616,6999,410,563,53
2025-03-07,8588,7762,826,7438,324,790,36
2025-03-08,6732,5869,863,5636,233,827,36
2025-03-09,7623,6418,1205,6246,172,1167,38
2025-03-10,11758,10224,1534,10166,58,1517,17
2025-03-11,13571,11797,1774,11681,116,1746,28
2025-03-12,10443,9476,967,9357,119,950,17
2025-03-13,12052,10651,1401,10429,222,1344,57
2025-03-14,13224,11356,1868,10923,433,1773,95
2025-03-15,11034,8624,2410,8047,577,2184,226
2025-03-16,7928,6516,1412,5951,565,1226,186
2025-03-17,11865,10523,1342,9581,942,1144,198
2025-03-18,15776,13521,2255,12587,934,2015,240
2025-03-19,18303,15152,3151,14415,737,2905,246
2025-03-20,12052,10548,1504,9987,561,1371,133
2025-03-21,13500,11457,2043,10664,793,1831,212
2025-03-22,8171,6885,1286,6185,700,1091,195
2025-03-23,7647,6467,1180,5721,746,959,221
2025-03-24,9275,8445,830,7251,1194,642,188
2025-03-25,12452,11237,1215,9728,1509,941,274
2025-03-26,12952,11571,1381,10052,1519,1061,320
2025-03-27,15262,13130,2132,11273,1857,1628,504
2025-03-28,10265,9092,1173,7837,1255,934,239
2025-03-29,5616,4936,680,4271,665,542,138
2025-03-30,5267,4661,606,3824,837,474,132
2025-03-31,11607,10376,1231,8351,2025,839,392
2025-04-01,14611,12788,1823,10467,2321,1251,572
2025-04-02,5931,5434,497,4552,882,371,126
2025-04-03,17846,14637,3209,12288,2349,2395,814
2025-04-04,15942,13310,2632,11332,1978,2023,609
2025-04-05,8266,6838,1428,5762,1076,1075,353
2025-04-06,11043,8898,2145,7023,1875,1551,594
2025-04-07,13114,11555,1559,9063,2492,1000,559
2025-04-08,9631,8643,988,6979,1664,656,332
2025-04-09,13729,12194,1535,9997,2197,1066,469
2025-04-10,10234,9170,1064,7177,1993,729,335
2025-04-11,9867,8672,1195,6795,1877,720,475
2025-04-12,13927,10838,3089,8343,2495,1999,1090
2025-04-13,17628,12359,5269,9392,2967,3717,1552
2025-04-14,16432,13758,2674,10844,2914,1743,931
2025-04-15,15063,13012,2051,10207,2805,1284,767
2025-04-16,14419,12549,1870,9864,2685,1252,618
2025-04-17,19166,15586,3580,12128,3458,2419,1161
2025-04-18,13181,9432,3749,7396,2036,2681,1068
2025-04-19,16422,11522,4900,8839,2683,3448,1452
2025-04-20,13863,9375,4488,7117,2258,3195,1293
2025-04-21,11620,9815,1805,7392,2423,1092,713
2025-04-22,20849,16984,3865,13018,3966,2503,1362
2025-04-23,21252,17303,3949,13285,4018,2670,1279
2025-04-24,24282,19033,5249,14783,4250,3610,1639
2025-04-25,19729,15696,4033,12462,3234,2851,1182
2025-04-26,15247,11515,3732,9115,2400,2608,1124
2025-04-27,23416,14861,8555,11536,3325,6266,2289
2025-04-28,22528,17620,4908,14022,3598,3473,1435
2025-04-29,21139,16992,4147,13725,3267,2994,1153
2025-04-30,21148,17091,4057,14259,2832,3129,928
2025-05-01,11317,9767,1550,8097,1670,1177,373
2025-05-02,23078,17556,5522,14155,3401,4020,1502
2025-05-03,17755,12788,4967,10343,2445,3768,1199
2025-05-04,19302,12888,6414,10163,2725,4693,1721
2025-05-05,18297,15056,3241,11754,3302,2150,1091
2025-05-06,24769,19321,5448,15431,3890,3778,1670
2025-05-07,27813,21304,6509,17184,4120,4775,1734
2025-05-08,22557,18020,4537,14310,3710,3095,1442
2025-05-09,24665,18539,6126,14010,4529,3938,2188
2025-05-10,27788,17407,10381,13149,4258,7182,3199
2025-05-11,22929,14877,8052,11502,3375,5712,2340
2025-05-12,25646,19480,6166,14976,4504,3951,2215
2025-05-13,21892,17540,4352,13323,4217,2736,1616
2025-05-14,26469,20711,5758,15771,4940,3554,2204
2025-05-15,28559,21879,6680,16769,5110,4267,2413
2025-05-16,28689,19975,8714,15649,4326,6095,2619
2025-05-17,20389,13260,7129,10026,3234,4915,2214
2025-05-18,23482,14063,9419,10511,3552,6652,2767
2025-05-19,23826,13507,10319,10638,2869,7932,2387
2025-05-20,25130,19534,5596,15299,4235,3815,1781
2025-05-21,10795,9171,1624,7104,2067,991,633
2025-05-22,7017,5966,1051,4456,1510,585,466
2025-05-23,17776,14293,3483,10612,3681,2136,1347
2025-05-24,23320,15696,7624,12004,3692,5295,2329
2025-05-25,16145,11239,4906,8658,2581,3409,1497
2025-05-26,30084,21416,8668,16538,4878,6090,2578
2025-05-27,30082,22733,7349,17717,5016,5101,2248
2025-05-28,21348,16858,4490,12711,4147,2839,1651
2025-05-29,25477,19713,5764,14956,4757,3703,2061
2025-05-30,31030,22006,9024,16996,5010,6297,2727
2025-05-31,22035,15198,6837,11703,3495,4943,1894
2025-06-01,23778,15428,8350,11870,3558,6151,2199
2025-06-02,28647,21306,7341,16197,5109,5060,2281
2025-06-03,33120,24292,8828,19032,5260,6290,2538
2025-06-04,33254,24150,9104,19111,5039,6499,2605
2025-06-05,27770,21003,6767,16883,4120,4810,1957
2025-06-06,30912,21807,9105,17308,4499,6615,2490
2025-06-07,37847,21805,16042,17358,4447,12463,3579
2025-06-08,28383,17223,11160,13488,3735,8432,2728
2025-06-09,26036,19588,6448,15377,4211,4522,1926
2025-06-10,33530,24519,9011,18897,5622,6215,2796
2025-06-11,36466,25959,10507,20343,5616,7402,3105
2025-06-12,34536,24675,9861,19342,5333,7205,2656
2025-06-13,31497,22048,9449,17268,4780,6602,2847
2025-06-14,48883,22126,26757,18102,4024,20136,6621
2025-06-15,33786,19164,14622,15920,3244,11238,3384
2025-06-16,32484,23707,8777,18935,4772,6356,2421
2025-06-17,36030,26620,9410,20578,6042,6598,2812
2025-06-18,26915,20848,6067,15952,4896,4026,2041
2025-06-19,31084,23658,7426,18367,5291,5077,2349
2025-06-20,37113,25317,11796,20410,4907,9084,2712
2025-06-21,35215,21122,14093,16450,4672,10737,3356
2025-06-22,31893,19262,12631,15085,4177,9551,3080
2025-06-23,30693,22394,8299,17467,4927,5962,2337
2025-06-24,34169,24878,9291,19264,5614,6682,2609
2025-06-25,37094,26842,10252,21327,5515,7520,2732
2025-06-26,29323,22304,7019,18294,4010,5262,1757
2025-06-27,33602,23915,9687,19079,4836,7197,2490
2025-06-28,35790,20587,15203,16168,4419,11832,3371
2025-06-29,37307,20232,17075,16337,3895,13544,3531
2025-06-30,23467,15719,7748,12367,3352,5820,1928
2025-07-01,39947,21278,18669,16901,4377,14543,4126
2025-07-02,37371,26689,10682,21385,5304,7940,2742
2025-07-03,38701,27555,11146,22011,5544,8288,2858
2025-07-04,39021,25912,13109,21071,4841,10041,3068
2025-07-05,38989,22274,16715,17429,4845,12980,3735
2025-07-06,36282,20958,15324,16611,4347,11849,3475
2025-07-07,34770,24665,10105,19486,5179,7442,2663
2025-07-08,39453,27954,11499,21933,6021,8304,3195
2025-07-09,36702,26454,10248,20780,5674,7398,2850
2025-07-10,39833,28270,11563,22619,5651,8554,3009
2025-07-11,39356,26084,13272,20615,5469,10088,3184
2025-07-12,41401,22959,18442,18295,4664,14563,3879
2025-07-13,33708,19736,13972,15745,3991,10722,3250
2025-07-14,33207,23510,9697,18551,4959,7129,2568
2025-07-15,39573,28201,11372,22357,5844,8432,2940
2025-07-16,38582,27709,10873,22467,5242,8264,2609
2025-07-17,37822,26814,11008,22117,4697,8644,2364
2025-07-18,41710,27033,14677,22472,4561,11856,2821
2025-07-19,43077,24125,18952,20299,3826,15891,3061
2025-07-20,38523,21933,16590,18298,3635,13708,2882
2025-07-21,38222,26343,11879,21343,5000,9066,2813
2025-07-22,41281,28749,12532,23127,5622,9664,2868
2025-07-23,42158,29010,13148,24382,4628,10711,2437
2025-07-24,36131,25530,10601,21368,4162,8706,1895
2025-07-25,37683,25177,12506,20836,4341,9965,2541
2025-07-26,35471,20724,14747,16922,3802,11825,2922
2025-07-27,38253,21845,16408,17722,4123,13153,3255
2025-07-28,35705,24646,11059,19975,4671,8597,2462
2025-07-29,40342,27966,12376,22957,5009,9704,2672
2025-07-30,39896,27992,11904,23277,4715,9424,2480
2025-07-31,38892,27153,11739,23040,4113,9494,2245
2025-08-01,39264,25256,14008,20705,4551,11161,2847
2025-08-02,41759,21755,20004,18348,3407,16852,3152
2025-08-03,37857,19724,18133,16470,3254,15123,3010
2025-08-04,34490,18988,15502,15566,3422,12442,3060
2025-08-05,38386,26937,11449,21657,5280,8631,2818
2025-08-06,40303,28477,11826,23406,5071,9035,2791
2025-08-07,41442,28430,13012,23088,5342,9915,3097
2025-08-08,39323,26129,13194,21464,4665,10308,2886
2025-08-09,40596,23423,17173,19334,4089,13972,3201
2025-08-10,37615,21789,15826,18010,3779,12905,2921
2025-08-11,35911,25184,10727,20327,4857,8233,2494
2025-08-12,34020,24750,9270,19752,4998,7024,2246
2025-08-13,38323,27348,10975,21822,5526,8119,2856
2025-08-14,41803,29035,12768,23762,5273,10138,2630
2025-08-15,40675,26684,13991,22262,4422,11405,2586
2025-08-16,41496,23517,17979,19726,3791,14731,3248
2025-08-17,35051,20630,14421,17015,3615,11539,2882
2025-08-18,37030,25809,11221,20816,4993,8552,2669
2025-08-19,27176,20698,6478,16717,3981,4817,1661
2025-08-20,33513,24994,8519,20175,4819,6250,2269
2025-08-21,41490,28737,12753,23185,5552,9808,2945
2025-08-22,40608,26914,13694,22523,4391,11096,2598
2025-08-23,40121,22820,17301,19154,3666,14289,3012
2025-08-24,38347,21847,16500,18359,3488,13790,2710
2025-08-25,33631,23836,9795,19924,3912,7707,2088
2025-08-26,31399,23137,8262,19448,3689,6611,1651
2025-08-27,40248,28049,12199,23358,4691,9760,2439
2025-08-28,27582,20764,6818,17114,3650,5178,1640
2025-08-29,37075,24597,12478,20033,4564,9818,2660
2025-08-30,37772,20870,16902,16726,4144,13519,3383
2025-08-31,40391,20691,19700,16602,4089,15845,3855
2025-09-01,38047,19975,18072,16306,3669,14559,3513
2025-09-02,37295,27381,9914,22433,4948,7439,2475
2025-09-03,40447,29589,10858,24221,5368,8269,2589
2025-09-04,27280,20082,7198,16113,3969,5151,2047
2025-09-05,36120,25935,10185,20685,5250,7471,2714
2025-09-06,35993,22180,13813,18089,4091,10930,2883
2025-09-07,31719,20216,11503,16151,4065,8720,2783
2025-09-08,34967,26031,8936,20927,5104,6474,2462
2025-09-09,39049,28704,10345,23583,5121,7907,2438
2025-09-10,38531,28615,9916,24012,4603,7815,2101
2025-09-11,40028,28760,11268,24509,4251,9145,2123
2025-09-12,37444,26423,11021,22241,4182,8875,2146
2025-09-13,34796,21860,12936,18256,3604,10508,2428
2025-09-14,36398,22261,14137,18254,4007,11229,2908
2025-09-15,35394,26206,9188,21080,5126,6670,2518
2025-09-16,38215,28552,9663,23632,4920,7323,2340
2025-09-17,38247,28799,9448,24299,4500,7404,2044
2025-09-18,39011,28968,10043,24038,4930,7732,2311
2025-09-19,36921,26367,10554,22157,4210,8335,2219
2025-09-20,34392,21479,12913,17879,3600,10522,2391
2025-09-21,31886,19920,11966,16150,3770,9447,2519
2025-09-22,26914,21191,5723,16939,4252,3971,1752
2025-09-23,32619,24892,7727,20205,4687,5586,2141
2025-09-24,33309,25927,7382,21733,4194,5548,1834
2025-09-25,25580,19744,5836,16568,3176,4454,1382
2025-09-26,36510,26223,10287,21792,4431,8044,2243
2025-09-27,38572,22966,15606,19259,3707,12945,2661
2025-09-28,35437,21726,13711,18436,3290,11357,2354
2025-09-29,33946,25101,8845,20538,4563,6679,2166
2025-09-30,36934,27218,9716,22528,4690,7574,2142
2025-10-01,33481,25975,7506,22688,3287,6111,1395
2025-10-02,34373,26292,8081,22458,3834,6350,1731
2025-10-03,35661,25814,9847,21737,4077,7887,1960
2025-10-04,40439,24335,16104,20612,3723,13550,2554
2025-10-05,38127,22966,15161,19204,3762,12551,2610
2025-10-06,34958,26033,8925,21353,4680,6748,2177
2025-10-07,24632,19510,5122,15704,3806,3533,1589
2025-10-08,33154,25743,7411,20790,4953,5367,2044
2025-10-09,29882,23498,6384,19133,4365,4660,1724
2025-10-10,28012,20685,7327,16826,3859,5533,1794
2025-10-11,24243,16131,8112,12581,3550,6074,2038
2025-10-12,22842,14527,8315,11314,3213,6132,2183
2025-10-13,21413,13282,8131,10109,3173,5901,2230
2025-10-14,33695,25696,7999,20051,5645,5407,2592
2025-10-15,31336,24727,6609,19722,5005,4536,2073
2025-10-16,30669,24305,6364,19157,5148,4303,2061
2025-10-17,24623,19094,5529,14566,4528,3691,1838
2025-10-18,31982,21121,10861,16609,4512,7823,3038
2025-10-19,27207,16371,10836,12893,3478,8255,2581
2025-10-20,27212,21148,6064,16604,4544,4056,2008
2025-10-21,29924,23707,6217,19616,4091,4575,1642
2025-10-22,24313,19845,4468,16375,3470,3230,1238
2025-10-23,26767,21844,4923,17568,4276,3440,1483
2025-10-24,27729,21410,6319,16801,4609,4277,2042
2025-10-25,24850,17775,7075,13977,3798,4929,2146
2025-10-26,20742,15022,5720,11285,3737,3810,1910
2025-10-27,23157,18999,4158,14189,4810,2518,1640
2025-10-28,26548,21715,4833,17015,4700,3242,1591
2025-10-29,27120,22145,4975,17861,4284,3435,1540
2025-10-30,12930,10865,2065,8459,2406,1358,707
2025-10-31,20461,15887,4574,11916,3971,2946,1628
2025-11-01,23749,16464,7285,12817,3647,5091,2194
2025-11-02,22118,15587,6531,12457,3130,4851,1680
2025-11-03,20686,17358,3328,13099,4259,1981,1347
2025-11-04,26328,21676,4652,16273,5403,2769,1883
2025-11-05,22807,19045,3762,14529,4516,2280,1482
2025-11-06,24113,19947,4166,15167,4780,2567,1599
2025-11-07,19442,15904,3538,12162,3742,2190,1348
2025-11-08,19551,14756,4795,11323,3433,3145,1650
2025-11-09,4523,3719,804,2822,897,493,311
2025-11-10,7504,6715,789,5202,1513,456,333
2025-11-11,12872,11157,1715,8437,2720,1004,711
2025-11-12,17974,15553,2421,11893,3660,1437,984
2025-11-13,20345,17044,3301,12658,4386,1938,1363
2025-11-14,20511,16988,3523,13059,3929,2222,1301
2025-11-15,12048,9828,2220,7602,2226,1485,735
2025-11-16,12211,9973,2238,7791,2182,1491,747
2025-11-17,16544,14372,2172,11308,3064,1340,832
2025-11-18,19406,16659,2747,13510,3149,1842,905
2025-11-19,19579,16812,2767,13702,3110,1961,806
2025-11-20,20266,17243,3023,14269,2974,2143,880
2025-11-21,19188,15830,3358,13105,2725,2428,930
2025-11-22,16281,12819,3462,10480,2339,2565,897
2025-11-23,14259,11215,3044,9461,1754,2359,685
2025-11-24,18378,15698,2680,13087,2611,1940,740
2025-11-25,14513,12495,2018,10297,2198,1458,560
2025-11-26,17989,15587,2402,13248,2339,1782,620
2025-11-27,14847,13031,1816,11259,1772,1396,420
2025-11-28,15132,13098,2034,11104,1994,1506,528
2025-11-29,11813,9949,1864,8283,1666,1399,465
2025-11-30,6957,5990,967,5055,935,724,243
2025-12-01,12917,11547,1370,9705,1842,960,410
2025-12-02,11433,10215,1218,9409,806,1047,171
2025-12-03,11693,10515,1178,10250,265,1129,49
2025-12-04,10023,9068,955,8613,455,886,69
2025-12-05,10617,9422,1195,9219,203,1155,40
2025-12-06,9878,8266,1612,7662,604,1431,181
2025-12-07,6792,5937,855,5491,446,743,112
2025-12-08,9533,8650,883,8149,501,795,88
2025-12-09,8762,7988,774,7830,158,750,24
2025-12-10,4689,4280,409,4183,97,393,16
2025-12-11,7533,6854,679,6766,88,667,12
2025-12-12,8594,7740,854,7659,81,840,14
2025-12-13,6818,5870,948,5814,56,935,13
2025-12-14,5151,4561,590,4541,20,585,5
2025-12-15,6729,6198,531,6181,17,529,2
2025-12-16,8530,7792,738,7781,11,737,1
2025-12-17,10826,9736,1090,9709,27,1085,5
2025-12-18,12174,10734,1440,10667,67,1426,14
2025-12-19,8006,7178,828,7104,74,818,10
2025-12-20,6839,5980,859,5790,190,825,34
2025-12-21,5267,4576,691,4496,80,665,26
2025-12-22,7901,7015,886,6842,173,856,30
2025-12-23,5344,4771,573,4705,66,555,18
2025-12-24,5556,4948,608,4867,81,592,16
2025-12-25,2525,2206,319,2164,42,309,10
2025-12-26,630,578,52,565,13,49,3
2025-12-27,1380,1263,117,1231,32,111,6
2025-12-28,1433,1293,140,1256,37,135,5
2025-12-29,2523,2343,180,2286,57,169,11
2025-12-30,3493,3247,246,3165,82,240,6
2025-12-31,3351,3017,334,2947,70,320,14
2026-01-01,1895,1688,207,1643,45,198,9
2026-01-02,4204,3904,300,3824,80,290,10
2026-01-03,3244,3004,240,2962,42,233,7
2026-01-04,3387,3106,281,3072,34,277,4
2026-01-05,4370,4072,298,3968,104,289,9
2026-01-06,4949,4574,375,4446,128,361,14
2026-01-07,8606,7860,746,7668,192,699,47
2026-01-08,10824,9713,1111,9426,287,1059,52
2026-01-09,10093,8919,1174,8621,298,1103,71
2026-01-10,6642,5780,862,5640,140,837,25
2026-01-11,6273,5567,706,5400,167,683,23
2026-01-12,9718,8900,818,8544,356,763,55
2026-01-13,11128,10085,1043,9912,173,1012,31
2026-01-14,10219,9267,952,8977,290,893,59
2026-01-15,452,416,36,407,9,34,2
2026-01-16,1696,1568,128,1515,53,121,7
2026-01-17,3205,2952,253,2823,129,232,21
2026-01-18,3836,3494,342,3326,168,310,32
2026-01-19,5350,4994,356,4815,179,336,20
2026-01-20,5157,4839,318,4688,151,307,11
2026-01-21,3377,3169,208,3045,124,195,13
2026-01-22,5054,4653,401,4413,240,368,33
2026-01-23,3621,3406,215,3228,178,196,19
2026-01-24,2664,2460,204,2334,126,188,16
2026-01-25,442,402,40,379,23,36,4
2026-01-26,246,232,14,228,4,12,2
2026-01-27,670,622,48,587,35,40,8
2026-01-28,1346,1262,84,1204,58,77,7
2026-01-29,1547,1438,109,1381,57,104,5
2026-01-30,1632,1522,110,1435,87,102,8
2026-01-31,1489,1369,120,1286,83,103,17
2026-02-01,1806,1615,191,1527,88,179,12
2026-02-02,3025,2830,195,2671,159,168,27
2026-02-03,3267,3064,203,2898,166,186,17
2026-02-04,3782,3543,239,3437,106,216,23
2026-02-05,3941,3689,252,3504,185,232,20
2026-02-06,2064,1913,151,1779,134,140,11
2026-02-07,1366,1272,94,1186,86,88,6
2026-02-08,1573,1444,129,1332,112,122,7
2026-02-09,3277,3095,182,2890,205,165,17
2026-02-10,3750,3506,244,3260,246,226,18
2026-02-11,5030,4695,335,4464,231,300,35
2026-02-12,5127,4788,339,4568,220,320,19
2026-02-13,4570,4243,327,4116,127,313,14
2026-02-14,3638,3262,376,3132,130,349,27
2026-02-15,3588,3195,393,3039,156,372,21
2026-02-16,3395,3056,339,2925,131,318,21
2026-02-17,7754,7065,689,6706,359,617,72
2026-02-18,1548,1426,122,1348,78,104,18
2026-02-19,3493,3265,228,3095,170,209,19
2026-02-20,3446,3136,310,2938,198,277,33
2026-02-21,3939,3526,413,3300,226,377,36
2026-02-22,2256,2053,203,1953,100,181,22
2026-02-23,4739,4465,274,4216,249,256,18
2026-02-24,5550,5184,366,4933,251,343,23
2026-02-25,5210,4852,358,4601,251,326,32
2026-02-26,6846,6343,503,6174,169,469,34
2026-02-27,8653,7609,1044,7319,290,992,52
2026-02-28,6277,5448,829,5219,229,780,49
2026-03-01,3831,3445,386,3354,91,368,18
2026-03-02,6345,5895,450,5789,106,434,16
2026-03-03,8938,8160,778,8001,159,739,39
2026-03-04,11232,10022,1210,9592,430,1106,104
2026-03-05,8199,7390,809,7064,326,725,84
2026-03-06,7488,6748,740,6572,176,702,38
2026-03-07,8118,6751,1367,6456,295,1269,98
2026-03-08,10360,8188,2172,7885,303,2048,124
2026-03-09,15104,12637,2467,12339,298,2369,98
2026-03-10,15458,13239,2219,13005,234,2143,76
2026-03-11,7705,6964,741,6716,248,701,40
2026-03-12,10903,9811,1092,9234,577,984,108
2026-03-13,5209,4791,418,4516,275,382,36
2026-03-14,7918,6751,1167,6390,361,1061,106
2026-03-15,5447,4735,712,4435,300,644,68
2026-03-16,8740,7881,859,7463,418,794,65
2026-03-17,5618,5212,406,5092,120,387,19
2026-03-18,8805,8060,745,7846,214,700,45
2026-03-19,12215,10784,1431,10141,643,1304,127
2026-03-20,7436,6463,973,6040,423,880,93
2026-03-21,9897,8188,1709,7496,692,1507,202
2026-03-22,6109,5164,945,4723,441,827,118
2026-03-23,10558,9540,1018,8647,893,876,142
2026-03-24,12479,11174,1305,10647,527,1211,94
2026-03-25,13191,11732,1459,11059,673,1319,140
2026-03-26,10281,9128,1153,8493,635,1003,150
2026-03-27,11646,10169,1477,9072,1097,1265,212
2026-03-28,9449,7868,1581,6885,983,1327,254
2026-03-29,11591,9219,2372,7948,1271,1930,442
2026-03-30,19211,15364,3847,13633,1731,3222,625
2026-03-31,12346,10611,1735,9763,848,1506,229
